name,lang,id,n,size(B),cpu(s),mem(KB),status,load,elapsed(s) [05 May 2013 u32 n]
binary-trees,F# Mono,3,12,565,0.208,272,0,0% 0% 5% 100%,0.211
binary-trees,F# Mono,3,16,565,3.120,21580,0,0% 0% 0% 100%,3.125
binary-trees,F# Mono,3,20,565,64.140,135168,0,0% 0% 0% 100%,64.194
binary-trees,Fortran Intel,2,12,1199,0.056,0,0,0% 0% 0% 100%,0.061
binary-trees,Fortran Intel,2,16,1199,1.176,3044,0,2% 0% 0% 100%,1.179
binary-trees,Fortran Intel,2,20,1199,23.773,99616,0,0% 0% 0% 100%,23.786
binary-trees,Python 3,6,12,626,0.964,27952,0,7% 1% 2% 94%,1.029
binary-trees,Python 3,6,16,626,22.413,66204,0,0% 0% 0% 100%,22.529
binary-trees,Python 3,6,20,626,504.560,685724,0,0% 0% 0% 100%,504.929
binary-trees,C gcc,7,12,850,0.032,0,0,0% 0% 0% 100%,0.034
binary-trees,C gcc,7,16,850,0.604,4672,0,0% 0% 8% 100%,0.607
binary-trees,C gcc,7,20,850,12.856,99448,0,0% 0% 1% 100%,12.869
binary-trees,Ruby JRuby,1,12,412,4.108,120108,0,3% 7% 3% 100%,6.14
binary-trees,Ruby JRuby,1,16,412,9.537,580196,0,0% 1% 1% 100%,9.56
binary-trees,Ruby JRuby,1,20,412,258.336,873136,0,0% 0% 0% 100%,258.583
binary-trees,Clojure,1,12,657,10.621,128692,0,0% 0% 0% 100%,10.634
binary-trees,Clojure,1,16,657,11.973,266480,0,1% 1% 0% 100%,11.988
binary-trees,Clojure,1,20,657,29.342,558896,0,0% 0% 0% 100%,29.374
binary-trees,Java 7,2,12,603,0.132,0,0,0% 0% 0% 100%,0.134
binary-trees,Java 7,2,16,603,0.944,148428,0,1% 1% 3% 100%,0.954
binary-trees,Java 7,2,20,603,15.701,506592,0,0% 1% 0% 100%,15.745
binary-trees,C++ g++,6,12,892,0.036,0,0,0% 0% 0% 80%,0.038
binary-trees,C++ g++,6,16,892,0.684,4400,0,0% 0% 1% 100%,0.688
binary-trees,C++ g++,6,20,892,15.796,148440,0,1% 0% 0% 100%,15.823
binary-trees,Go,1,12,516,0.224,260,0,0% 0% 4% 100%,0.226
binary-trees,Go,1,16,516,5.352,16368,0,0% 1% 0% 100%,5.361
binary-trees,Go,1,20,516,113.675,241860,0,0% 0% 0% 100%,113.778
binary-trees,Ada 2005 GNAT,5,12,2167,0.040,0,0,17% 0% 0% 100%,0.052
binary-trees,Ada 2005 GNAT,5,16,2167,0.716,8976,0,0% 0% 3% 99%,0.731
binary-trees,Ada 2005 GNAT,5,20,2167,14.608,105696,0,0% 0% 0% 100%,14.634
binary-trees,Haskell GHC,4,12,612,0.028,0,0,0% 0% 0% 100%,0.031
binary-trees,Haskell GHC,4,16,612,0.884,12704,0,2% 0% 2% 100%,0.889
binary-trees,Haskell GHC,4,20,612,16.493,183532,0,0% 0% 1% 100%,16.513
binary-trees,C# Mono,1,12,654,0.172,6340,0,0% 0% 2% 100%,0.498
binary-trees,C# Mono,1,16,654,2.740,18880,0,0% 0% 1% 100%,2.745
binary-trees,C# Mono,1,20,654,61.556,92200,0,0% 0% 0% 100%,61.608
binary-trees,JavaScript V8,1,12,467,0.056,0,0,83% 0% 17% 90%,0.073
binary-trees,JavaScript V8,1,16,467,1.016,27280,0,0% 6% 7% 100%,1.021
binary-trees,JavaScript V8,1,20,467,35.012,361480,0,0% 0% 0% 100%,35.067
binary-trees,Dart,1,12,543,0.080,0,0,0% 0% 0% 100%,0.093
binary-trees,Dart,1,16,543,0.680,41736,0,0% 0% 0% 100%,0.683
binary-trees,Dart,1,20,543,42.639,153364,0,0% 0% 0% 100%,42.692
binary-trees,Smalltalk VisualWorks,1,12,722,0.168,15484,0,9% 12% 19% 92%,0.754
binary-trees,Smalltalk VisualWorks,1,16,722,2.308,76868,0,5% 6% 12% 100%,2.312
binary-trees,Smalltalk VisualWorks,1,20,722,65.600,316312,0,0% 0% 0% 100%,65.665
binary-trees,Erlang HiPE,2,12,499,0.200,288,0,9% 0% 4% 91%,0.229
binary-trees,Erlang HiPE,2,16,499,1.860,34904,0,2% 0% 1% 100%,1.87
binary-trees,Erlang HiPE,2,20,499,47.567,338644,0,0% 0% 0% 100%,47.626
binary-trees,Pascal Free Pascal,1,12,769,0.068,0,0,0% 0% 0% 100%,0.069
binary-trees,Pascal Free Pascal,1,16,769,1.524,2612,0,0% 1% 1% 99%,1.526
binary-trees,Pascal Free Pascal,1,20,769,33.250,65828,0,0% 1% 1% 100%,33.268
binary-trees,ATS,3,12,2143,0.040,0,0,0% 0% 0% 100%,0.045
binary-trees,ATS,3,16,2143,0.848,9816,0,1% 0% 0% 100%,0.851
binary-trees,ATS,3,20,2143,17.733,197256,0,0% 0% 0% 100%,17.746
binary-trees,Lua,2,12,446,0.796,4516,0,0% 0% 1% 100%,0.801
binary-trees,Lua,2,16,446,20.433,56260,0,0% 1% 1% 100%,20.457
binary-trees,Lua,2,20,446,449.988,1033624,0,0% 14% 4% 100%,450.483
binary-trees,Perl,1,12,448,1.224,2516,0,1% 1% 1% 100%,1.227
binary-trees,Perl,1,16,448,28.646,19384,0,0% 0% 0% 100%,28.663
binary-trees,Perl,1,20,448,615.306,289572,0,0% 0% 0% 100%,615.68
binary-trees,Ruby 2.0,2,12,413,0.596,4848,0,2% 0% 2% 100%,0.62
binary-trees,Ruby 2.0,2,16,413,10.645,333796,0,0% 0% 0% 100%,10.655
binary-trees,Racket,2,12,640,0.192,0,0,0% 0% 0% 100%,0.197
binary-trees,Racket,2,16,640,1.076,29164,0,1% 0% 0% 100%,1.082
binary-trees,Racket,2,20,640,26.514,215604,0,0% 0% 0% 100%,26.55
binary-trees,Lisp SBCL,2,12,649,0.048,0,0,0% 0% 17% 100%,0.053
binary-trees,Lisp SBCL,2,16,649,0.732,31956,0,3% 0% 0% 100%,0.739
binary-trees,Lisp SBCL,2,20,649,20.388,227016,0,0% 0% 0% 100%,20.425
binary-trees,OCaml,5,12,496,0.028,0,0,0% 0% 0% 100%,0.033
binary-trees,OCaml,5,16,496,1.192,8788,0,0% 1% 2% 100%,1.195
binary-trees,OCaml,5,20,496,35.734,115688,0,0% 0% 0% 100%,35.768
binary-trees,PHP,1,12,504,1.032,5012,0,0% 2% 0% 100%,1.037
binary-trees,PHP,1,16,504,27.418,36904,0,1% 0% 0% 100%,27.438
binary-trees,PHP,1,20,504,652.109,546160,0,0% 0% 0% 100%,652.851
binary-trees,Scala,4,12,494,0.300,212,0,17% 0% 3% 100%,0.304
binary-trees,Scala,4,16,494,1.104,152824,0,0% 1% 1% 100%,1.11
binary-trees,Scala,4,20,494,16.705,507072,0,0% 0% 0% 100%,16.751
binary-trees-redux,Java 7,2,12,607,0.140,0,0,13% 0% 0% 100%,0.142
binary-trees-redux,Java 7,2,16,607,0.876,53000,0,0% 0% 1% 100%,0.881
binary-trees-redux,Java 7,2,20,607,231.490,134360,0,0% 1% 1% 100%,231.633
binary-trees-redux,Clojure,1,12,661,10.133,101840,0,0% 0% 0% 100%,10.147
binary-trees-redux,Clojure,1,16,661,11.717,123620,0,3% 2% 2% 100%,11.733
binary-trees-redux,Clojure,1,20,661,62.580,251432,0,0% 0% 0% 100%,62.635
binary-trees-redux,Haskell GHC,1,12,521,0.056,0,0,0% 0% 17% 100%,0.058
binary-trees-redux,Haskell GHC,1,16,521,0.780,67340,0,0% 0% 3% 99%,0.783
binary-trees-redux,Haskell GHC,1,20,521,26.086,104300,0,0% 0% 0% 100%,26.104
binary-trees-redux,Ruby JRuby,1,12,412,4.088,106660,0,0% 0% 2% 100%,4.102
binary-trees-redux,Ruby JRuby,1,16,412,9.525,579576,0,0% 0% 0% 100%,9.547
binary-trees-redux,Ruby JRuby,1,20,412,259.432,872172,0,2% 23% 7% 100%,259.953
binary-trees-redux,Scala,4,12,498,0.304,240,0,3% 0% 6% 100%,0.307
binary-trees-redux,Scala,4,16,498,1.092,57660,0,3% 0% 2% 100%,1.097
binary-trees-redux,Scala,4,20,498,235.959,136872,0,0% 0% 0% 100%,236.13
binary-trees-redux,Lisp SBCL,2,12,649,0.048,0,0,17% 0% 0% 100%,0.051
binary-trees-redux,Lisp SBCL,2,16,649,0.764,21644,0,0% 0% 1% 100%,0.767
binary-trees-redux,Lisp SBCL,2,20,649,23.452,198000,0,0% 0% 0% 100%,23.493
chameneos-redux,Python 3,2,60000,866,2.600,4764,0,0% 0% 0% 96%,2.706
chameneos-redux,Python 3,2,600000,866,25.770,4768,0,0% 0% 0% 100%,25.881
chameneos-redux,Python 3,2,6000000,866,258.912,4760,0,0% 0% 0% 100%,259.101
chameneos-redux,Lisp SBCL,3,60000,2907,0.140,0,0,0% 0% 0% 100%,0.145
chameneos-redux,Lisp SBCL,3,600000,2907,1.244,4732,0,0% 0% 0% 100%,1.247
chameneos-redux,Lisp SBCL,3,6000000,2907,12.252,4732,0,0% 0% 0% 100%,12.258
chameneos-redux,Java 7,1,60000,1770,0.248,240,0,0% 0% 4% 96%,0.26
chameneos-redux,Java 7,1,600000,1770,0.656,16420,0,0% 0% 3% 98%,0.671
chameneos-redux,Java 7,1,6000000,1770,3.496,18052,0,0% 1% 1% 100%,3.501
chameneos-redux,Erlang HiPE,1,60000,734,0.240,548,0,0% 0% 4% 100%,0.246
chameneos-redux,Erlang HiPE,1,600000,734,1.204,7872,0,1% 2% 0% 100%,1.211
chameneos-redux,Erlang HiPE,1,6000000,734,10.621,7876,0,0% 0% 0% 100%,10.631
chameneos-redux,OCaml,1,60000,1279,0.932,2028,0,0% 0% 1% 100%,0.934
chameneos-redux,OCaml,1,600000,1279,9.305,2048,0,0% 0% 0% 100%,9.309
chameneos-redux,OCaml,1,6000000,1279,92.882,2048,0,0% 0% 0% 100%,92.909
chameneos-redux,Ada 2005 GNAT,5,60000,2906,0.216,284,0,0% 0% 4% 96%,0.232
chameneos-redux,Ada 2005 GNAT,5,600000,2906,2.068,1972,0,0% 0% 0% 99%,2.084
chameneos-redux,Ada 2005 GNAT,5,6000000,2906,20.616,1972,0,0% 0% 0% 100%,20.638
chameneos-redux,Smalltalk VisualWorks,2,60000,2515,0.548,21952,0,2% 3% 2% 96%,0.581
chameneos-redux,Smalltalk VisualWorks,2,600000,2515,4.748,21952,0,0% 0% 1% 100%,4.752
chameneos-redux,Smalltalk VisualWorks,2,6000000,2515,46.891,21952,0,0% 0% 0% 100%,46.908
chameneos-redux,Go,5,60000,957,0.060,0,0,0% 0% 14% 100%,0.063
chameneos-redux,Go,5,600000,957,0.540,732,0,0% 2% 2% 100%,0.543
chameneos-redux,Go,5,6000000,957,5.288,732,0,0% 2% 0% 100%,5.292
chameneos-redux,C# Mono,1,60000,1400,0.284,280,0,0% 3% 0% 97%,0.289
chameneos-redux,C# Mono,1,600000,1400,1.740,15132,0,0% 0% 1% 100%,1.744
chameneos-redux,C# Mono,1,6000000,1400,16.093,15136,0,1% 0% 0% 100%,16.101
chameneos-redux,Racket,1,60000,791,3.688,54504,0,0% 0% 1% 100%,3.695
chameneos-redux,Racket,1,600000,791,33.894,92404,0,0% 0% 0% 100%,33.913
chameneos-redux,Racket,1,6000000,791,344.366,55528,0,0% 0% 0% 100%,344.507
chameneos-redux,Ruby 2.0,1,60000,920,0.452,4892,0,0% 0% 2% 100%,0.463
chameneos-redux,Ruby 2.0,1,600000,920,4.072,5116,0,0% 0% 0% 100%,4.077
chameneos-redux,Ruby 2.0,1,6000000,920,39.886,5116,0,0% 0% 0% 100%,39.902
chameneos-redux,C gcc,5,60000,2863,0.104,0,0,0% 8% 8% 100%,0.105
chameneos-redux,C gcc,5,600000,2863,1.004,592,0,0% 2% 1% 100%,1.007
chameneos-redux,C gcc,5,6000000,2863,9.912,592,0,0% 1% 1% 100%,9.919
chameneos-redux,C++ g++,1,60000,2449,0.092,0,0,0% 0% 0% 100%,0.094
chameneos-redux,C++ g++,1,600000,2449,0.840,1312,0,0% 1% 0% 100%,0.845
chameneos-redux,C++ g++,1,6000000,2449,8.332,1312,0,0% 0% 0% 100%,8.336
chameneos-redux,Haskell GHC,4,60000,991,0.068,0,0,0% 0% 0% 100%,0.071
chameneos-redux,Haskell GHC,4,600000,991,0.656,1848,0,3% 2% 0% 100%,0.659
chameneos-redux,Haskell GHC,4,6000000,991,6.644,1852,0,0% 0% 0% 100%,6.648
chameneos-redux,Clojure,1,60000,1331,14.465,330168,0,0% 0% 0% 100%,14.484
chameneos-redux,Ruby JRuby,1,60000,928,5.628,94732,0,1% 0% 0% 100%,5.655
chameneos-redux,Ruby JRuby,1,600000,928,8.305,268816,0,0% 0% 0% 100%,8.332
chameneos-redux,Ruby JRuby,1,6000000,928,33.350,459416,0,0% 1% 1% 100%,33.389
chameneos-redux,Scala,2,60000,1171,0.528,17164,0,0% 0% 2% 100%,0.53
chameneos-redux,Scala,2,600000,1171,1.876,36088,0,0% 1% 0% 99%,1.88
chameneos-redux,Scala,2,6000000,1171,15.045,85260,0,0% 1% 0% 100%,15.055
fannkuch-redux,Ada 2005 GNAT,3,10,2100,0.240,280,0,0% 0% 8% 92%,0.254
fannkuch-redux,Ada 2005 GNAT,3,11,2100,2.932,1632,0,0% 0% 0% 100%,2.948
fannkuch-redux,Ada 2005 GNAT,3,12,2100,39.292,1652,0,0% 1% 0% 100%,39.321
fannkuch-redux,JavaScript V8,3,10,539,0.428,5284,0,0% 0% 2% 100%,0.44
fannkuch-redux,JavaScript V8,3,11,539,5.300,5288,0,0% 1% 0% 100%,5.306
fannkuch-redux,JavaScript V8,3,12,539,73.304,5288,0,0% 0% 0% 100%,73.33
fannkuch-redux,Python 3,6,10,385,17.665,4568,0,0% 0% 0% 100%,88.345
fannkuch-redux,Python 3,6,11,385,203.977,4560,0,0% 0% 0% 100%,1020.138
fannkuch-redux,Python 3,6,12,385,2903.201,4564,0,0% 0% 0% 100%,3204.313
fannkuch-redux,Java 7,1,10,1282,0.532,13840,0,0% 2% 2% 100%,0.538
fannkuch-redux,Java 7,1,11,1282,5.620,13848,0,1% 1% 0% 100%,5.625
fannkuch-redux,Java 7,1,12,1282,71.264,13936,0,0% 0% 0% 100%,71.284
fannkuch-redux,Smalltalk VisualWorks,1,10,838,3.588,21952,0,0% 0% 1% 99%,3.614
fannkuch-redux,Smalltalk VisualWorks,1,11,838,44.219,21956,0,0% 0% 0% 100%,44.233
fannkuch-redux,Smalltalk VisualWorks,1,12,838,601.466,21952,0,0% 0% 0% 100%,601.611
fannkuch-redux,C++ g++,7,10,1150,0.168,0,0,0% 0% 0% 100%,0.169
fannkuch-redux,C++ g++,7,11,1150,1.952,288,0,2% 1% 1% 100%,1.955
fannkuch-redux,C++ g++,7,12,1150,25.036,292,0,1% 0% 0% 100%,25.046
fannkuch-redux,Fortran Intel,1,10,590,0.408,260,0,2% 0% 2% 100%,0.411
fannkuch-redux,Fortran Intel,1,11,590,5.096,260,0,1% 0% 0% 100%,5.1
fannkuch-redux,Fortran Intel,1,12,590,68.304,260,0,0% 0% 0% 100%,68.32
fannkuch-redux,Lua,1,10,462,11.429,816,0,0% 1% 0% 100%,11.435
fannkuch-redux,Lua,1,11,462,149.677,816,0,0% 0% 0% 100%,149.711
fannkuch-redux,Lua,1,12,462,2131.105,820,0,0% 0% 0% 100%,2131.546
fannkuch-redux,C gcc,4,10,1183,0.160,0,0,0% 0% 0% 100%,0.164
fannkuch-redux,C gcc,4,11,1183,1.908,292,0,1% 1% 2% 100%,1.914
fannkuch-redux,C gcc,4,12,1183,24.608,292,0,1% 0% 0% 100%,24.622
fannkuch-redux,Haskell GHC,3,10,1153,0.388,256,0,0% 0% 3% 100%,0.39
fannkuch-redux,Haskell GHC,3,11,1153,4.756,1588,0,0% 1% 1% 100%,4.763
fannkuch-redux,Haskell GHC,3,12,1153,63.924,1588,0,0% 0% 0% 100%,63.943
fannkuch-redux,F# Mono,2,10,548,1.088,15144,0,1% 2% 0% 100%,1.09
fannkuch-redux,F# Mono,2,11,548,8.621,15940,0,1% 0% 0% 100%,8.625
fannkuch-redux,F# Mono,2,12,548,113.615,15148,0,0% 0% 0% 100%,113.639
fannkuch-redux,Lisp SBCL,4,10,1518,0.416,12944,0,2% 2% 2% 100%,0.421
fannkuch-redux,Lisp SBCL,4,11,1518,4.192,13476,0,0% 0% 2% 100%,4.196
fannkuch-redux,Lisp SBCL,4,12,1518,57.288,14108,0,0% 0% 0% 100%,57.307
fannkuch-redux,PHP,2,10,441,14.765,2472,0,0% 0% 0% 100%,14.771
fannkuch-redux,PHP,2,11,441,191.496,2476,0,0% 0% 0% 100%,191.555
fannkuch-redux,PHP,2,12,441,2707.353,2476,0,0% 0% 0% 100%,2708.131
fannkuch-redux,Racket,1,10,649,1.972,15008,0,2% 5% 54% 100%,1.976
fannkuch-redux,Racket,1,11,649,23.533,15004,0,2% 17% 51% 100%,23.544
fannkuch-redux,Racket,1,12,649,319.484,15008,0,0% 4% 15% 100%,319.57
fannkuch-redux,Scala,2,10,1017,0.736,19204,0,0% 0% 4% 100%,0.74
fannkuch-redux,Scala,2,11,1017,4.500,19708,0,0% 0% 1% 100%,4.505
fannkuch-redux,Scala,2,12,1017,56.556,20472,0,0% 1% 0% 100%,56.578
fannkuch-redux,ATS,2,10,1571,0.324,288,0,0% 0% 6% 100%,0.329
fannkuch-redux,ATS,2,11,1571,4.124,288,0,0% 1% 0% 100%,4.128
fannkuch-redux,ATS,2,12,1571,57.804,288,0,0% 0% 0% 100%,57.821
fannkuch-redux,Pascal Free Pascal,1,10,1018,0.392,328,0,0% 3% 3% 100%,0.396
fannkuch-redux,Pascal Free Pascal,1,11,1018,4.804,732,0,0% 0% 1% 100%,4.809
fannkuch-redux,Pascal Free Pascal,1,12,1018,65.328,744,0,0% 0% 0% 100%,65.348
fannkuch-redux,OCaml,2,10,473,0.440,580,0,4% 2% 0% 100%,0.443
fannkuch-redux,OCaml,2,11,473,5.436,580,0,0% 1% 0% 100%,5.44
fannkuch-redux,OCaml,2,12,473,73.457,580,0,0% 0% 0% 100%,73.474
fannkuch-redux,Clojure,2,10,1088,13.129,64452,0,0% 1% 0% 100%,13.148
fannkuch-redux,Clojure,2,11,1088,31.382,57888,0,1% 1% 0% 100%,31.414
fannkuch-redux,Clojure,2,12,1088,280.950,66088,0,0% 0% 0% 100%,281.081
fannkuch-redux,Erlang HiPE,1,10,1038,2.524,7392,0,8% 0% 0% 100%,2.532
fannkuch-redux,Erlang HiPE,1,11,1038,29.630,7392,0,0% 0% 0% 100%,29.647
fannkuch-redux,Erlang HiPE,1,12,1038,379.680,7644,0,0% 0% 0% 100%,379.795
fannkuch-redux,Ruby 2.0,1,10,384,21.369,4864,0,0% 0% 1% 100%,21.379
fannkuch-redux,Ruby 2.0,1,11,384,280.326,4868,0,0% 0% 0% 100%,280.401
fannkuch-redux,Ruby 2.0,1,12,384,4014.399,4864,0,0% 0% 0% 100%,4015.444
fannkuch-redux,C# Mono,2,10,564,0.484,13552,0,4% 0% 2% 100%,0.49
fannkuch-redux,C# Mono,2,11,564,4.944,13548,0,1% 0% 0% 100%,4.95
fannkuch-redux,C# Mono,2,12,564,69.176,13548,0,0% 0% 0% 100%,69.192
fannkuch-redux,C CINT,1,10,536,64.112,5120,0,1% 0% 0% 100%,64.131
fannkuch-redux,C CINT,1,11,536,820.819,5120,0,0% 0% 0% 100%,820.975
fannkuch-redux,C CINT,1,12,536,10672.151,5116,0,0% 0% 0% 100%,10674.258
fannkuch-redux,Dart,2,10,538,0.460,6260,0,0% 0% 2% 100%,0.464
fannkuch-redux,Dart,2,11,538,5.636,6260,0,1% 0% 0% 100%,5.64
fannkuch-redux,Dart,2,12,538,78.753,6264,0,0% 0% 0% 100%,78.772
fannkuch-redux,Go,1,10,900,0.732,732,0,0% 0% 3% 100%,0.735
fannkuch-redux,Go,1,11,900,9.241,732,0,0% 0% 1% 100%,9.246
fannkuch-redux,Go,1,12,900,126.828,732,0,0% 0% 0% 100%,126.859
fannkuch-redux,Ruby JRuby,1,10,384,8.901,290884,0,0% 0% 0% 100%,8.919
fannkuch-redux,Ruby JRuby,1,11,384,68.852,464376,0,0% 0% 0% 100%,68.887
fannkuch-redux,Ruby JRuby,1,12,384,947.431,583116,0,0% 0% 0% 100%,947.728
fannkuch-redux,Perl,1,10,457,15.973,1456,0,0% 1% 0% 100%,15.979
fannkuch-redux,Perl,1,11,457,194.440,1456,0,0% 0% 0% 100%,194.496
fannkuch-redux,Perl,1,12,457,2447.977,1460,0,0% 0% 0% 100%,2448.64
fasta,Racket,3,250000,1276,0.288,276,0,3% 0% 3% 97%,0.291
fasta,Racket,3,2500000,1276,1.572,16896,0,0% 0% 1% 100%,1.574
fasta,Racket,3,25000000,1276,13.741,16920,0,1% 0% 0% 100%,13.75
fasta,OCaml,3,250000,1042,0.120,0,0,0% 0% 0% 100%,0.125
fasta,OCaml,3,2500000,1042,1.204,1632,0,0% 0% 1% 100%,1.208
fasta,OCaml,3,25000000,1042,11.749,1636,0,0% 0% 1% 100%,11.754
fasta,Ada 2005 GNAT,5,250000,2186,0.052,0,0,0% 0% 0% 86%,0.054
fasta,Ada 2005 GNAT,5,2500000,2186,0.468,1228,0,0% 4% 2% 98%,0.47
fasta,Ada 2005 GNAT,5,25000000,2186,4.232,1232,0,0% 0% 1% 100%,4.237
fasta,Scala,3,250000,1053,0.312,240,0,0% 0% 0% 100%,0.317
fasta,Scala,3,2500000,1053,0.936,18492,0,2% 0% 2% 100%,0.938
fasta,Scala,3,25000000,1053,6.540,19588,0,0% 1% 0% 100%,6.545
fasta,Erlang HiPE,2,250000,1164,0.636,7652,0,0% 0% 2% 100%,0.644
fasta,Erlang HiPE,2,2500000,1164,5.244,7628,0,0% 1% 1% 100%,5.256
fasta,Erlang HiPE,2,25000000,1164,49.975,7632,0,0% 0% 0% 100%,49.997
fasta,Go,1,250000,1036,0.212,260,0,0% 9% 4% 100%,0.217
fasta,Go,1,2500000,1036,2.120,732,0,0% 0% 0% 100%,2.123
fasta,Go,1,25000000,1036,20.793,732,0,0% 0% 0% 100%,20.803
fasta,Fortran Intel,4,250000,1327,0.036,0,0,20% 0% 0% 80%,0.04
fasta,Fortran Intel,4,2500000,1327,0.348,260,0,3% 0% 3% 100%,0.352
fasta,Fortran Intel,4,25000000,1327,3.176,260,0,0% 1% 0% 100%,3.182
fasta,Lua,1,250000,1049,0.504,1100,0,0% 4% 2% 100%,0.506
fasta,Lua,1,2500000,1049,5.080,1092,0,0% 1% 1% 100%,5.084
fasta,Lua,1,25000000,1049,49.707,1112,0,0% 1% 0% 100%,49.723
fasta,Ruby 2.0,6,250000,772,1.980,5924,0,0% 0% 3% 100%,1.985
fasta,Ruby 2.0,6,2500000,772,17.701,32044,0,0% 0% 0% 100%,17.717
fasta,Ruby 2.0,6,25000000,772,179.051,188088,0,0% 0% 0% 100%,181.614
fasta,Perl,1,250000,838,0.996,3924,0,1% 0% 2% 100%,1.001
fasta,Perl,1,2500000,838,9.717,12900,0,0% 1% 1% 100%,9.766
fasta,Perl,1,25000000,838,96.474,100816,0,0% 0% 0% 100%,96.509
fasta,Pascal Free Pascal,4,250000,1112,0.080,0,0,0% 0% 0% 100%,0.084
fasta,Pascal Free Pascal,4,2500000,1112,0.824,8,0,0% 1% 0% 100%,0.826
fasta,Pascal Free Pascal,4,25000000,1112,7.924,8,0,1% 1% 0% 100%,7.931
fasta,Haskell GHC,2,250000,979,0.044,0,0,0% 0% 0% 100%,0.048
fasta,Haskell GHC,2,2500000,979,0.388,240,0,0% 3% 0% 100%,0.391
fasta,Haskell GHC,2,25000000,979,3.356,2364,0,0% 0% 0% 100%,3.359
fasta,C++ g++,2,250000,1105,0.048,0,0,0% 0% 0% 100%,0.049
fasta,C++ g++,2,2500000,1105,0.444,620,0,2% 0% 2% 100%,0.447
fasta,C++ g++,2,25000000,1105,4.100,620,0,0% 0% 0% 100%,4.106
fasta,Python 3,2,250000,788,2.600,4672,0,0% 0% 1% 100%,2.603
fasta,Python 3,2,2500000,788,26.870,4668,0,0% 1% 0% 100%,26.883
fasta,Python 3,2,25000000,788,259.484,4672,0,0% 1% 1% 100%,262.339
fasta,C# Mono,2,250000,1180,0.196,0,0,0% 5% 5% 100%,0.2
fasta,C# Mono,2,2500000,1180,0.944,14296,0,2% 2% 0% 100%,0.951
fasta,C# Mono,2,25000000,1180,7.424,14292,0,1% 0% 0% 100%,7.429
fasta,C gcc,2,250000,1169,0.084,0,0,0% 0% 0% 100%,0.087
fasta,C gcc,2,2500000,1169,0.840,416,0,1% 1% 1% 100%,0.845
fasta,C gcc,2,25000000,1169,2.380,416,0,0% 0% 1% 100%,2.384
fasta,Smalltalk VisualWorks,1,250000,1315,0.528,21952,0,0% 2% 9% 93%,0.564
fasta,Smalltalk VisualWorks,1,2500000,1315,4.584,21956,0,0% 0% 1% 98%,4.676
fasta,Smalltalk VisualWorks,1,25000000,1315,44.627,21956,0,0% 1% 1% 100%,44.657
fasta,JavaScript V8,1,250000,791,0.324,280,0,0% 3% 3% 100%,0.328
fasta,JavaScript V8,1,2500000,791,3.080,7536,0,0% 0% 1% 100%,3.086
fasta,JavaScript V8,1,25000000,791,19.416,7548,0,0% 0% 0% 100%,19.425
fasta,Clojure,5,250000,1839,11.149,64988,0,0% 0% 0% 100%,11.17
fasta,Clojure,5,2500000,1839,12.053,61756,0,0% 0% 0% 100%,12.064
fasta,Clojure,5,25000000,1839,21.257,78660,0,0% 0% 0% 100%,21.271
fasta,Lisp SBCL,6,250000,1751,0.096,4052,0,5% 2% 0% 100%,0.596
fasta,Lisp SBCL,6,2500000,1751,0.880,4308,0,0% 1% 2% 100%,0.883
fasta,Lisp SBCL,6,25000000,1751,8.168,8268,0,0% 0% 0% 100%,8.174
fasta,PHP,4,250000,1110,0.732,2520,0,0% 0% 1% 99%,0.737
fasta,PHP,4,2500000,1110,7.672,2520,0,1% 0% 0% 100%,7.679
fasta,PHP,4,25000000,1110,71.964,2524,0,0% 0% 0% 100%,71.987
fasta,Dart,1,250000,1421,0.184,0,0,0% 0% 0% 100%,0.187
fasta,Dart,1,2500000,1421,1.372,55484,0,0% 0% 1% 100%,1.375
fasta,Dart,1,25000000,1421,9.845,288768,0,0% 0% 0% 100%,9.85
fasta,Java 7,4,250000,1507,0.156,0,0,0% 0% 0% 94%,0.16
fasta,Java 7,4,2500000,1507,0.668,14668,0,0% 0% 4% 100%,0.673
fasta,Java 7,4,25000000,1507,4.920,14932,0,0% 1% 0% 100%,4.924
fasta,Ruby JRuby,1,250000,760,8.249,458984,0,0% 0% 0% 100%,8.268
fasta,Ruby JRuby,1,2500000,760,31.054,577944,0,0% 0% 0% 100%,31.189
fasta,Ruby JRuby,1,25000000,760,250.900,583812,0,0% 0% 0% 100%,254.515
fasta,ATS,1,250000,2104,0.056,0,0,0% 0% 0% 100%,0.058
fasta,ATS,1,2500000,2104,0.552,288,0,2% 0% 4% 100%,0.555
fasta,ATS,1,25000000,2104,5.200,288,0,0% 1% 0% 100%,5.204
fasta,F# Mono,1,250000,978,0.288,220,0,3% 3% 0% 100%,0.314
fasta,F# Mono,1,2500000,978,1.280,15128,0,0% 1% 2% 100%,1.284
fasta,F# Mono,1,25000000,978,10.609,15132,0,1% 0% 0% 100%,10.614
fasta-redux,C gcc,3,250000,1321,0.020,0,0,0% 0% 0% 100%,0.024
fasta-redux,C gcc,3,2500000,1321,0.200,288,0,0% 4% 9% 95%,0.216
fasta-redux,C gcc,3,25000000,1321,1.668,292,0,0% 1% 1% 100%,1.672
fasta-redux,F# Mono,2,250000,1074,0.384,15672,0,2% 0% 0% 100%,0.418
fasta-redux,F# Mono,2,2500000,1074,0.684,16456,0,1% 3% 4% 100%,0.689
fasta-redux,F# Mono,2,25000000,1074,3.324,16464,0,0% 0% 0% 100%,3.328
fasta-redux,C# Mono,1,250000,1438,0.160,0,0,0% 0% 0% 100%,0.164
fasta-redux,C# Mono,1,2500000,1438,0.384,272,0,3% 0% 5% 100%,0.389
fasta-redux,C# Mono,1,25000000,1438,2.280,14392,0,0% 0% 0% 100%,2.283
fasta-redux,Pascal Free Pascal,1,250000,1227,0.052,0,0,0% 14% 0% 100%,0.056
fasta-redux,Pascal Free Pascal,1,2500000,1227,0.508,8,0,2% 2% 0% 100%,0.511
fasta-redux,Pascal Free Pascal,1,25000000,1227,4.792,8,0,0% 1% 0% 100%,4.795
fasta-redux,Scala,2,250000,1372,0.396,240,0,0% 0% 3% 100%,0.399
fasta-redux,Scala,2,2500000,1372,0.848,20632,0,0% 2% 1% 100%,0.852
fasta-redux,Scala,2,25000000,1372,4.292,23428,0,0% 1% 0% 100%,4.297
fasta-redux,C++ g++,2,250000,1474,0.028,0,0,0% 0% 0% 100%,0.03
fasta-redux,C++ g++,2,2500000,1474,0.248,260,0,4% 0% 4% 100%,0.252
fasta-redux,C++ g++,2,25000000,1474,2.164,620,0,0% 0% 1% 100%,2.167
fasta-redux,Perl,1,250000,1112,1.792,2860,0,0% 1% 2% 100%,1.801
fasta-redux,Perl,1,2500000,1112,17.777,2856,0,0% 1% 0% 100%,17.787
fasta-redux,Perl,1,25000000,1112,175.803,2856,0,0% 1% 1% 100%,176.007
fasta-redux,Java 7,3,250000,1443,0.116,0,0,0% 33% 0% 100%,0.118
fasta-redux,Java 7,3,2500000,1443,0.324,240,0,0% 0% 6% 100%,0.328
fasta-redux,Java 7,3,25000000,1443,1.888,14964,0,0% 1% 0% 100%,1.893
fasta-redux,ATS,4,250000,2593,0.024,0,0,0% 0% 0% 100%,0.025
fasta-redux,ATS,4,2500000,2593,0.228,284,0,0% 0% 4% 100%,0.231
fasta-redux,ATS,4,25000000,2593,1.956,288,0,0% 1% 1% 100%,1.958
fasta-redux,Ada 2005 GNAT,2,250000,1909,0.028,0,0,33% 0% 0% 100%,0.029
fasta-redux,Ada 2005 GNAT,2,2500000,1909,0.256,480,0,0% 0% 4% 100%,0.259
fasta-redux,Ada 2005 GNAT,2,25000000,1909,2.004,1232,0,0% 0% 1% 100%,2.008
fasta-redux,Lisp SBCL,4,250000,2005,0.108,4872,0,4% 0% 2% 100%,0.466
fasta-redux,Lisp SBCL,4,2500000,2005,0.984,5136,0,0% 0% 1% 100%,0.988
fasta-redux,Lisp SBCL,4,25000000,2005,9.244,9352,0,0% 0% 0% 100%,9.249
fasta-redux,Go,2,250000,1236,0.064,0,0,14% 0% 0% 100%,0.067
fasta-redux,Go,2,2500000,1236,0.624,732,0,0% 0% 0% 100%,0.628
fasta-redux,Go,2,25000000,1236,5.848,732,0,0% 0% 0% 100%,5.854
fasta-redux,Smalltalk VisualWorks,1,250000,1772,0.460,22220,0,0% 0% 6% 94%,0.497
fasta-redux,Smalltalk VisualWorks,1,2500000,1772,3.768,22216,0,0% 0% 1% 100%,3.774
fasta-redux,Smalltalk VisualWorks,1,25000000,1772,36.174,22216,0,0% 0% 0% 100%,36.194
fasta-redux,Clojure,4,250000,1503,11.193,68028,0,0% 0% 0% 100%,11.204
fasta-redux,Clojure,4,2500000,1503,13.349,73504,0,0% 0% 0% 100%,13.362
fasta-redux,Clojure,4,25000000,1503,22.501,78920,0,1% 0% 0% 100%,22.525
k-nucleotide,Clojure,6,250000,1737,12.277,208080,0,1% 0% 0% 100%,12.3
k-nucleotide,Clojure,6,2500000,1737,25.038,456472,0,1% 0% 0% 100%,25.063
k-nucleotide,Clojure,6,25000000,1737,103.918,1012000,0,0% 0% 0% 100%,104.014
k-nucleotide,Lisp SBCL,5,250000,2301,0.832,99736,0,0% 0% 2% 100%,0.842
k-nucleotide,Lisp SBCL,5,2500000,2301,7.112,102968,0,0% 0% 1% 100%,7.56
k-nucleotide,Lisp SBCL,5,25000000,2301,69.112,105240,0,0% 0% 0% 100%,69.192
k-nucleotide,Erlang HiPE,3,250000,932,2.920,32768,0,0% 0% 0% 100%,2.932
k-nucleotide,Erlang HiPE,3,2500000,932,26.830,115664,0,0% 0% 0% 100%,26.857
k-nucleotide,Erlang HiPE,3,25000000,932,267.321,1045072,0,0% 0% 0% 100%,267.518
k-nucleotide,PHP,4,250000,1060,3.108,44932,0,0% 0% 1% 100%,3.15
k-nucleotide,PHP,4,2500000,1060,30.098,15036,0,0% 0% 1% 100%,30.187
k-nucleotide,PHP,4,25000000,1060,305.499,246804,0,0% 0% 0% 100%,306.059
k-nucleotide,ATS,2,250000,3238,0.352,316,0,0% 0% 3% 100%,0.355
k-nucleotide,ATS,2,2500000,3238,4.004,14304,0,0% 0% 1% 100%,4.008
k-nucleotide,ATS,2,25000000,3238,32.150,124132,0,0% 0% 0% 100%,32.168
k-nucleotide,Lua,2,250000,613,2.596,20560,0,0% 0% 1% 100%,2.623
k-nucleotide,Lua,2,2500000,613,22.861,68588,0,0% 0% 0% 100%,22.975
k-nucleotide,Lua,2,25000000,613,220.114,707928,0,0% 0% 0% 100%,220.81
k-nucleotide,Fortran Intel,2,250000,2079,0.760,33280,0,1% 0% 3% 100%,0.777
k-nucleotide,Fortran Intel,2,2500000,2079,6.304,41880,0,2% 0% 0% 100%,6.361
k-nucleotide,Fortran Intel,2,25000000,2079,60.780,166868,0,1% 0% 0% 100%,60.819
k-nucleotide,C CINT,1,250000,1224,1135.895,20252,0,0% 0% 0% 100%,1136.233
k-nucleotide,Go,5,250000,1268,1.056,14188,0,0% 0% 2% 100%,1.097
k-nucleotide,Go,5,2500000,1268,9.877,39916,0,0% 0% 0% 100%,10.171
k-nucleotide,Go,5,25000000,1268,95.442,260404,0,0% 1% 0% 100%,95.492
k-nucleotide,Haskell GHC,3,250000,2749,0.824,46540,0,0% 1% 1% 100%,0.828
k-nucleotide,Haskell GHC,3,2500000,2749,7.948,65300,0,0% 0% 1% 100%,7.955
k-nucleotide,Haskell GHC,3,25000000,2749,71.548,308860,0,0% 0% 0% 100%,71.605
k-nucleotide,JavaScript V8,2,250000,451,3.572,29224,0,0% 1% 1% 100%,3.593
k-nucleotide,JavaScript V8,2,2500000,451,34.416,60788,0,0% 0% 0% 100%,34.439
k-nucleotide,JavaScript V8,2,25000000,451,338.180,429952,0,0% 0% 0% 100%,339.024
k-nucleotide,C# Mono,3,250000,1404,1.436,57328,0,1% 1% 1% 99%,1.441
k-nucleotide,C# Mono,3,2500000,1404,10.721,108420,0,1% 0% 0% 100%,10.733
k-nucleotide,C# Mono,3,25000000,1404,103.342,577516,0,0% 0% 0% 100%,103.416
k-nucleotide,Ruby JRuby,1,250000,637,12.057,510440,0,0% 1% 0% 100%,12.076
k-nucleotide,Ruby JRuby,1,2500000,637,56.288,683816,0,0% 0% 0% 100%,56.346
k-nucleotide,Ruby JRuby,1,25000000,637,505.936,1274752,0,0% 0% 0% 100%,506.352
k-nucleotide,Ada 2005 GNAT,2,250000,4865,0.284,300,0,3% 0% 7% 97%,0.297
k-nucleotide,Ada 2005 GNAT,2,2500000,4865,2.416,33792,0,0% 0% 1% 99%,2.433
k-nucleotide,Ada 2005 GNAT,2,25000000,4865,23.108,253480,0,0% 0% 0% 100%,23.147
k-nucleotide,OCaml,1,250000,870,0.660,13968,0,0% 0% 1% 99%,0.692
k-nucleotide,OCaml,1,2500000,870,5.784,53052,0,0% 0% 1% 100%,5.792
k-nucleotide,Python 3,8,250000,647,4.784,49924,0,1% 0% 0% 100%,4.81
k-nucleotide,Python 3,8,2500000,647,46.347,19444,0,1% 0% 0% 100%,46.429
k-nucleotide,Python 3,8,25000000,647,474.710,426212,0,1% 0% 0% 100%,474.949
k-nucleotide,F# Mono,1,250000,701,4.680,63352,0,0% 0% 1% 100%,4.718
k-nucleotide,F# Mono,1,2500000,701,33.194,100456,0,0% 0% 0% 100%,33.241
k-nucleotide,F# Mono,1,25000000,701,267.029,566116,0,0% 0% 0% 100%,267.446
k-nucleotide,Smalltalk VisualWorks,5,250000,1153,3.448,47300,0,0% 1% 1% 99%,3.49
k-nucleotide,Smalltalk VisualWorks,5,2500000,1153,32.690,96404,0,0% 0% 0% 100%,32.747
k-nucleotide,Smalltalk VisualWorks,5,25000000,1153,313.188,343320,0,0% 0% 0% 100%,313.44
k-nucleotide,Java 7,3,250000,1630,1.052,43660,0,2% 5% 1% 100%,1.056
k-nucleotide,Java 7,3,2500000,1630,6.192,132652,0,1% 1% 0% 100%,6.197
k-nucleotide,Java 7,3,25000000,1630,50.691,494040,0,1% 0% 0% 100%,50.734
k-nucleotide,Racket,1,250000,542,2.532,53460,0,0% 1% 0% 100%,2.558
k-nucleotide,Racket,1,2500000,542,22.069,158704,0,0% 0% 0% 100%,22.12
k-nucleotide,Racket,1,25000000,542,219.250,1418996,0,0% 0% 0% 100%,219.544
k-nucleotide,Ruby 2.0,2,250000,420,7.896,46772,0,0% 0% 0% 100%,7.903
k-nucleotide,Ruby 2.0,2,2500000,420,77.349,44104,0,0% 0% 0% 100%,77.386
k-nucleotide,Ruby 2.0,2,25000000,420,774.292,158084,0,0% 0% 0% 100%,774.63
k-nucleotide,Scala,2,250000,2080,1.288,53024,0,0% 0% 2% 100%,1.319
k-nucleotide,Scala,2,2500000,2080,4.380,79880,0,1% 0% 0% 100%,4.621
k-nucleotide,Scala,2,25000000,2080,29.950,216748,0,0% 0% 0% 100%,29.969
k-nucleotide,Perl,2,250000,359,2.136,30788,0,5% 3% 5% 100%,2.254
k-nucleotide,Perl,2,2500000,359,20.573,77868,0,0% 0% 0% 100%,20.93
k-nucleotide,Perl,2,25000000,359,193.968,708164,0,0% 0% 0% 100%,197.143
k-nucleotide,Pascal Free Pascal,2,250000,2383,0.500,2012,0,2% 4% 0% 100%,0.54
k-nucleotide,Pascal Free Pascal,2,2500000,2383,5.780,18528,0,0% 1% 0% 100%,6.002
k-nucleotide,Pascal Free Pascal,2,25000000,2383,48.639,128396,0,0% 0% 0% 100%,48.664
k-nucleotide,C gcc,7,250000,2280,0.536,32576,0,0% 0% 2% 100%,0.54
k-nucleotide,C gcc,7,2500000,2280,3.944,43548,0,0% 1% 0% 100%,3.951
k-nucleotide,C gcc,7,25000000,2280,37.520,153424,0,0% 0% 0% 100%,37.559
k-nucleotide,C++ g++,3,250000,1252,0.532,9220,0,2% 0% 2% 100%,0.534
k-nucleotide,C++ g++,3,2500000,1252,2.648,20696,0,1% 0% 4% 100%,2.653
k-nucleotide,C++ g++,3,25000000,1252,23.692,137448,0,1% 0% 0% 100%,23.712
mandelbrot,Racket,4,1000,796,0.440,16008,0,0% 0% 2% 100%,0.445
mandelbrot,Racket,4,4000,796,5.076,19020,0,1% 0% 1% 100%,5.081
mandelbrot,Racket,4,16000,796,78.453,50520,0,0% 0% 0% 100%,78.477
mandelbrot,Lua,1,1000,353,3.164,820,0,0% 0% 1% 100%,3.169
mandelbrot,Lua,1,4000,353,44.799,816,0,0% 1% 0% 100%,44.813
mandelbrot,Lua,1,16000,353,786.433,1044,0,0% 0% 0% 100%,786.61
mandelbrot,Ruby 2.0,3,1000,307,18.869,4868,0,0% 0% 0% 100%,18.877
mandelbrot,Ruby 2.0,3,4000,307,301.859,4860,0,1% 0% 0% 100%,301.949
mandelbrot,Ruby 2.0,3,16000,307,4810.033,4864,0,0% 0% 0% 100%,4811.345
mandelbrot,C gcc,4,1000,799,0.092,0,0,0% 0% 0% 100%,0.096
mandelbrot,C gcc,4,4000,799,1.464,1920,0,0% 1% 1% 99%,1.468
mandelbrot,C gcc,4,16000,799,23.216,30432,0,0% 0% 0% 100%,23.23
mandelbrot,Python 3,2,1000,777,7.588,6532,0,1% 1% 0% 100%,9.16
mandelbrot,Python 3,2,4000,777,111.251,6564,0,0% 0% 0% 100%,123.752
mandelbrot,Python 3,2,16000,777,1845.311,6748,0,1% 0% 0% 100%,1968.402
mandelbrot,Fortran Intel,6,1000,967,0.064,0,0,0% 0% 0% 100%,0.068
mandelbrot,Fortran Intel,6,4000,967,0.912,2408,0,1% 3% 1% 100%,0.914
mandelbrot,Fortran Intel,6,16000,967,13.981,31280,0,0% 0% 1% 100%,13.987
mandelbrot,C++ g++,8,1000,742,0.084,0,0,0% 0% 0% 100%,0.087
mandelbrot,C++ g++,8,4000,742,1.280,2768,0,0% 0% 2% 100%,1.286
mandelbrot,C++ g++,8,16000,742,20.212,32076,0,0% 1% 0% 100%,20.221
mandelbrot,Pascal Free Pascal,3,1000,530,0.308,8,0,0% 6% 0% 100%,0.312
mandelbrot,Pascal Free Pascal,3,4000,530,4.936,8,0,2% 3% 0% 100%,4.94
mandelbrot,Pascal Free Pascal,3,16000,530,78.741,8,0,0% 0% 0% 100%,78.762
mandelbrot,C# Mono,3,1000,701,0.304,252,0,3% 3% 0% 100%,0.306
mandelbrot,C# Mono,3,4000,701,2.948,16784,0,1% 0% 0% 100%,2.953
mandelbrot,C# Mono,3,16000,701,45.247,47676,0,0% 0% 0% 100%,45.261
mandelbrot,ATS,1,1000,2148,0.104,0,0,0% 8% 8% 100%,0.108
mandelbrot,ATS,1,4000,2148,1.572,1368,0,0% 1% 0% 100%,1.577
mandelbrot,ATS,1,16000,2148,24.654,30148,0,0% 0% 0% 100%,24.661
mandelbrot,OCaml,1,1000,710,0.236,592,0,0% 3% 0% 100%,0.371
mandelbrot,OCaml,1,4000,710,5.348,3228,0,0% 1% 0% 100%,5.468
mandelbrot,OCaml,1,16000,710,85.713,3984,0,0% 0% 0% 100%,85.856
mandelbrot,Clojure,5,1000,1069,10.617,98116,0,0% 0% 0% 100%,10.628
mandelbrot,Clojure,5,4000,1069,14.129,105364,0,0% 0% 0% 100%,14.141
mandelbrot,Clojure,5,16000,1069,63.572,108512,0,0% 0% 0% 100%,63.598
mandelbrot,Go,6,1000,700,0.512,732,0,0% 0% 2% 100%,0.516
mandelbrot,Go,6,4000,700,8.089,2432,0,1% 0% 0% 100%,8.093
mandelbrot,Go,6,16000,700,129.040,31536,0,0% 0% 0% 100%,129.078
mandelbrot,Java 7,2,1000,796,0.208,212,0,0% 0% 9% 95%,0.215
mandelbrot,Java 7,2,4000,796,1.796,15456,0,0% 1% 0% 100%,1.801
mandelbrot,Java 7,2,16000,796,26.918,67880,0,0% 0% 0% 100%,26.926
mandelbrot,C CINT,2,1000,400,21.129,4864,0,0% 1% 0% 100%,21.138
mandelbrot,C CINT,2,4000,400,331.181,4868,0,0% 0% 1% 100%,331.25
mandelbrot,C CINT,2,16000,400,5568.160,4860,0,0% 0% 0% 100%,5569.123
mandelbrot,Dart,1,1000,809,0.684,29220,0,0% 0% 0% 100%,0.686
mandelbrot,Dart,1,4000,809,6.260,77744,0,0% 1% 1% 100%,6.265
mandelbrot,Dart,1,16000,809,88.870,201728,0,0% 0% 0% 100%,88.896
mandelbrot,Smalltalk VisualWorks,2,1000,467,3.016,21952,0,0% 1% 1% 99%,3.055
mandelbrot,Smalltalk VisualWorks,2,4000,467,47.167,21948,0,0% 0% 0% 100%,47.2
mandelbrot,Smalltalk VisualWorks,2,16000,467,758.879,22216,0,0% 0% 0% 100%,759.188
mandelbrot,Scala,4,1000,786,0.416,17168,0,0% 2% 2% 100%,0.419
mandelbrot,Scala,4,4000,786,2.416,60680,0,0% 1% 0% 100%,2.42
mandelbrot,Scala,4,16000,786,28.006,195456,0,0% 0% 0% 100%,28.027
mandelbrot,PHP,3,1000,863,5.376,11848,0,0% 1% 0% 100%,5.386
mandelbrot,PHP,3,4000,863,96.010,26708,0,0% 0% 0% 100%,96.054
mandelbrot,PHP,3,16000,863,1386.879,108044,0,0% 0% 0% 100%,1387.322
mandelbrot,Perl,3,1000,370,12.589,1724,0,0% 0% 0% 100%,12.595
mandelbrot,Perl,3,4000,370,194.476,1720,0,0% 1% 1% 100%,194.533
mandelbrot,Perl,3,16000,370,3078.628,1984,0,0% 0% 0% 100%,3079.494
mandelbrot,Erlang HiPE,1,1000,534,1.908,10524,0,0% 1% 1% 100%,1.918
mandelbrot,Erlang HiPE,1,4000,534,25.210,67012,0,0% 0% 0% 100%,25.226
mandelbrot,Erlang HiPE,1,16000,534,370.795,634912,0,0% 0% 0% 100%,370.977
mandelbrot,Haskell GHC,2,1000,782,0.180,0,0,5% 0% 0% 100%,0.185
mandelbrot,Haskell GHC,2,4000,782,2.816,3952,0,3% 1% 2% 100%,2.822
mandelbrot,Haskell GHC,2,16000,782,43.963,35364,0,0% 0% 0% 100%,43.977
mandelbrot,Ruby JRuby,3,1000,307,8.365,576868,0,0% 1% 1% 100%,8.387
mandelbrot,Ruby JRuby,3,4000,307,66.512,584456,0,0% 0% 0% 100%,66.621
mandelbrot,Ruby JRuby,3,16000,307,989.190,584584,0,0% 0% 1% 100%,990.688
mandelbrot,F# Mono,3,1000,800,0.368,252,0,0% 0% 3% 100%,0.407
mandelbrot,F# Mono,3,4000,800,3.168,17308,0,0% 1% 1% 100%,3.172
mandelbrot,F# Mono,3,16000,800,47.555,48464,0,0% 0% 0% 100%,47.57
mandelbrot,Ada 2005 GNAT,3,1000,1805,0.112,0,0,8% 0% 0% 92%,0.124
mandelbrot,Ada 2005 GNAT,3,4000,1805,1.576,2496,0,0% 0% 1% 99%,1.589
mandelbrot,Ada 2005 GNAT,3,16000,1805,24.812,29720,0,0% 1% 1% 100%,24.836
mandelbrot,Lisp SBCL,1,1000,2459,0.280,264,0,3% 0% 7% 97%,0.282
mandelbrot,Lisp SBCL,1,4000,2459,4.228,5604,0,0% 0% 0% 100%,4.235
mandelbrot,Lisp SBCL,1,16000,2459,67.116,36004,0,0% 0% 0% 100%,67.14
meteor-contest,OCaml,1,2098,2156,0.764,2432,0,3% 1% 0% 100%,0.767
meteor-contest,Ruby JRuby,2,2098,2786,13.501,580648,0,0% 1% 1% 100%,13.526
meteor-contest,C++ g++,6,2098,2620,0.040,0,0,0% 0% 0% 100%,0.042
meteor-contest,Smalltalk VisualWorks,1,2098,5304,0.548,21428,0,0% 0% 0% 100%,0.55
meteor-contest,Haskell GHC,5,2098,2919,0.460,2360,0,0% 0% 4% 100%,0.464
meteor-contest,Perl,2,2098,1502,23.405,3044,0,0% 1% 0% 100%,23.416
meteor-contest,Ada 2005 GNAT,1,2098,7416,0.084,0,0,0% 0% 0% 100%,0.088
meteor-contest,Java 7,2,2098,5177,0.400,17268,0,2% 3% 0% 100%,0.402
meteor-contest,Ruby 2.0,2,2098,2786,9.973,5200,0,0% 1% 0% 100%,9.981
meteor-contest,Lua,4,2098,2225,0.724,3048,0,0% 0% 0% 100%,0.726
meteor-contest,C gcc,1,2098,3066,0.108,0,0,0% 0% 0% 100%,0.11
meteor-contest,Clojure,2,2098,3689,13.861,87748,0,0% 0% 0% 100%,13.887
meteor-contest,Pascal Free Pascal,3,2098,5471,0.092,0,0,0% 0% 0% 91%,0.097
meteor-contest,Racket,1,2098,1907,2.216,16412,0,0% 1% 0% 100%,2.221
meteor-contest,Go,1,2098,2986,0.204,260,0,0% 5% 5% 95%,0.214
meteor-contest,Python 3,2,2098,1311,8.741,4796,0,0% 0% 1% 100%,8.745
n-body,Lisp SBCL,2,500000,1398,0.384,268,0,3% 0% 3% 100%,0.389
n-body,Lisp SBCL,2,5000000,1398,3.764,4084,0,1% 0% 1% 100%,3.77
n-body,Lisp SBCL,2,50000000,1398,37.548,4084,0,0% 0% 0% 100%,37.563
n-body,Ada 2005 GNAT,5,500000,2427,0.156,0,0,0% 0% 0% 94%,0.158
n-body,Ada 2005 GNAT,5,5000000,2427,1.508,1228,0,0% 1% 1% 100%,1.51
n-body,Ada 2005 GNAT,5,50000000,2427,15.004,1232,0,0% 0% 0% 100%,15.012
n-body,Erlang HiPE,3,500000,1399,1.160,7652,0,0% 1% 2% 100%,1.167
n-body,Erlang HiPE,3,5000000,1399,15.653,7628,0,1% 1% 2% 100%,15.664
n-body,Erlang HiPE,3,50000000,1399,167.566,7632,0,0% 0% 0% 100%,167.614
n-body,Python 3,1,500000,1181,11.037,4712,0,0% 1% 0% 100%,11.043
n-body,Python 3,1,5000000,1181,107.051,4704,0,0% 0% 0% 100%,107.077
n-body,Python 3,1,50000000,1181,1098.645,4700,0,0% 0% 0% 100%,1098.886
n-body,Perl,2,500000,1401,10.833,2856,0,0% 0% 0% 100%,10.84
n-body,Perl,2,5000000,1401,108.679,2860,0,0% 0% 0% 100%,108.711
n-body,Perl,2,50000000,1401,1086.760,2856,0,0% 0% 0% 100%,1087.042
n-body,C gcc,1,500000,1173,0.212,336,0,4% 0% 5% 100%,0.216
n-body,C gcc,1,5000000,1173,2.076,336,0,1% 0% 5% 100%,2.081
n-body,C gcc,1,50000000,1173,20.768,336,0,0% 0% 0% 100%,20.778
n-body,Go,1,500000,1310,0.816,732,0,0% 1% 0% 100%,0.821
n-body,Go,1,5000000,1310,8.157,732,0,0% 1% 0% 100%,8.164
n-body,Go,1,50000000,1310,81.525,732,0,0% 0% 0% 100%,81.548
n-body,Lua,2,500000,1193,4.496,836,0,0% 0% 0% 100%,4.499
n-body,Lua,2,5000000,1193,47.643,836,0,0% 0% 0% 100%,47.657
n-body,Lua,2,50000000,1193,461.369,836,0,0% 0% 0% 100%,461.469
n-body,Fortran Intel,2,500000,1496,0.204,520,0,0% 5% 5% 96%,0.215
n-body,Fortran Intel,2,5000000,1496,2.008,520,0,0% 0% 1% 100%,2.014
n-body,Fortran Intel,2,50000000,1496,20.049,520,0,0% 0% 1% 100%,20.055
n-body,Pascal Free Pascal,1,500000,1308,0.348,8,0,0% 0% 0% 100%,0.35
n-body,Pascal Free Pascal,1,5000000,1308,3.472,8,0,0% 1% 0% 100%,3.475
n-body,Pascal Free Pascal,1,50000000,1308,34.714,8,0,0% 0% 0% 100%,34.725
n-body,Racket,2,500000,1689,0.724,17024,0,1% 1% 3% 100%,0.729
n-body,Racket,2,5000000,1689,5.696,17032,0,0% 0% 1% 100%,5.701
n-body,Racket,2,50000000,1689,55.639,18592,0,0% 0% 0% 100%,55.666
n-body,Ruby 2.0,2,500000,1137,15.925,4880,0,0% 0% 1% 100%,15.934
n-body,Ruby 2.0,2,5000000,1137,166.634,4880,0,0% 0% 0% 100%,166.694
n-body,Ruby 2.0,2,50000000,1137,1608.629,4884,0,0% 0% 0% 100%,1609.19
n-body,C CINT,1,500000,1173,722.569,5284,0,0% 0% 0% 100%,722.786
n-body,C CINT,1,5000000,1173,7211.279,5288,0,0% 0% 0% 100%,7213.374
n-body,C CINT,1,50000000,1173,72389.760,5288,0,0% 0% 0% 100%,72410.799
n-body,C++ g++,5,500000,1749,0.104,0,0,0% 0% 0% 100%,0.109
n-body,C++ g++,5,5000000,1749,1.056,620,0,0% 0% 2% 100%,1.059
n-body,C++ g++,5,50000000,1749,10.552,620,0,0% 1% 1% 100%,10.557
n-body,Haskell GHC,2,500000,1874,0.240,260,0,0% 50% 13% 100%,0.243
n-body,Haskell GHC,2,5000000,1874,2.384,1840,0,0% 52% 15% 100%,2.387
n-body,Haskell GHC,2,50000000,1874,23.677,1840,0,0% 0% 0% 100%,23.689
n-body,C# Mono,3,500000,1305,0.336,268,0,0% 3% 3% 100%,0.342
n-body,C# Mono,3,5000000,1305,2.400,14044,0,2% 0% 0% 100%,2.404
n-body,C# Mono,3,50000000,1305,23.085,14048,0,0% 0% 0% 100%,23.093
n-body,Ruby JRuby,2,500000,1137,10.505,577812,0,0% 0% 0% 100%,10.529
n-body,Ruby JRuby,2,5000000,1137,60.468,583020,0,0% 0% 0% 100%,60.556
n-body,Ruby JRuby,2,50000000,1137,563.287,585428,0,0% 0% 0% 100%,564.039
n-body,JavaScript V8,2,500000,1527,0.428,5728,0,0% 0% 5% 98%,0.432
n-body,JavaScript V8,2,5000000,1527,4.156,5732,0,0% 1% 1% 100%,4.162
n-body,JavaScript V8,2,50000000,1527,42.828,5736,0,0% 1% 0% 100%,42.847
n-body,Java 7,2,500000,1424,0.340,208,0,0% 0% 3% 100%,0.343
n-body,Java 7,2,5000000,1424,2.532,13988,0,0% 1% 0% 100%,2.536
n-body,Java 7,2,50000000,1424,24.398,13996,0,0% 0% 0% 100%,24.408
n-body,F# Mono,1,500000,1259,0.744,17936,0,1% 1% 0% 100%,0.771
n-body,F# Mono,1,5000000,1259,3.856,17936,0,1% 1% 0% 100%,3.862
n-body,F# Mono,1,50000000,1259,34.926,17948,0,1% 0% 0% 100%,34.941
n-body,Scala,1,500000,1358,0.492,16376,0,0% 2% 0% 100%,0.496
n-body,Scala,1,5000000,1358,2.628,18464,0,0% 0% 0% 100%,2.631
n-body,Scala,1,50000000,1358,23.905,18756,0,0% 0% 0% 100%,23.914
n-body,Clojure,1,500000,2162,12.353,61908,0,0% 0% 0% 100%,12.365
n-body,Clojure,1,5000000,2162,16.113,75432,0,0% 0% 0% 100%,16.127
n-body,Clojure,1,50000000,2162,42.819,67492,0,0% 0% 0% 100%,42.838
n-body,Dart,2,500000,1297,0.976,38840,0,0% 0% 3% 100%,0.982
n-body,Dart,2,5000000,1297,10.565,38840,0,0% 1% 0% 100%,10.582
n-body,Dart,2,50000000,1297,93.210,38840,0,0% 0% 0% 100%,93.333
n-body,Smalltalk VisualWorks,1,500000,1652,2.688,21952,0,2% 1% 1% 99%,2.731
n-body,Smalltalk VisualWorks,1,5000000,1652,26.466,21952,0,0% 0% 0% 100%,26.476
n-body,Smalltalk VisualWorks,1,50000000,1652,263.108,21956,0,0% 0% 0% 100%,263.239
n-body,ATS,2,500000,1920,0.208,316,0,0% 5% 0% 95%,0.215
n-body,ATS,2,5000000,1920,2.072,320,0,0% 0% 1% 100%,2.075
n-body,ATS,2,50000000,1920,20.645,320,0,0% 1% 0% 100%,20.654
n-body,PHP,3,500000,1082,7.696,2516,0,0% 1% 0% 100%,7.7
n-body,PHP,3,5000000,1082,74.861,2516,0,0% 0% 0% 100%,74.885
n-body,PHP,3,50000000,1082,769.516,2516,0,0% 0% 0% 100%,769.747
n-body,OCaml,1,500000,1239,0.584,576,0,0% 0% 2% 100%,0.587
n-body,OCaml,1,5000000,1239,5.504,576,0,0% 1% 0% 100%,5.509
n-body,OCaml,1,50000000,1239,47.651,580,0,0% 0% 0% 100%,47.665
pidigits,Lua,5,2000,479,0.104,0,0,0% 0% 9% 100%,0.106
pidigits,Lua,5,6000,479,0.872,1188,0,0% 0% 0% 100%,0.874
pidigits,Lua,5,10000,479,2.512,1460,0,0% 1% 1% 100%,2.516
pidigits,Pascal Free Pascal,2,2000,785,0.128,0,0,0% 0% 0% 93%,0.13
pidigits,Pascal Free Pascal,2,6000,785,1.280,592,0,0% 1% 0% 100%,1.285
pidigits,Pascal Free Pascal,2,10000,785,3.756,856,0,1% 2% 0% 100%,3.76
pidigits,C# Mono,3,2000,1026,0.244,220,0,7% 0% 0% 96%,0.264
pidigits,C# Mono,3,6000,1026,1.436,14252,0,1% 0% 1% 100%,1.441
pidigits,C# Mono,3,10000,1026,3.956,14776,0,1% 1% 0% 100%,3.96
pidigits,Smalltalk VisualWorks,4,2000,652,0.996,21952,0,4% 0% 0% 96%,1.038
pidigits,Smalltalk VisualWorks,4,6000,652,9.405,22480,0,1% 1% 0% 100%,9.427
pidigits,Smalltalk VisualWorks,4,10000,652,27.282,177184,0,0% 0% 0% 100%,27.304
pidigits,PHP,4,2000,384,0.148,0,0,6% 7% 0% 100%,0.15
pidigits,PHP,4,6000,384,1.024,3104,0,12% 6% 5% 99%,1.03
pidigits,PHP,4,10000,384,2.792,3536,0,1% 0% 0% 100%,2.798
pidigits,Python 3,2,2000,255,0.168,0,0,0% 0% 0% 100%,0.173
pidigits,Python 3,2,6000,255,1.092,5152,0,2% 0% 1% 100%,1.094
pidigits,Python 3,2,10000,255,3.056,5408,0,1% 0% 1% 100%,3.059
pidigits,Dart,1,2000,359,1.148,38936,0,0% 0% 2% 100%,1.154
pidigits,Dart,1,6000,359,10.869,38936,0,0% 1% 1% 100%,10.889
pidigits,Dart,1,10000,359,31.610,38944,0,0% 1% 0% 100%,31.661
pidigits,C gcc,1,2000,448,0.084,0,0,0% 0% 0% 100%,0.088
pidigits,C gcc,1,6000,448,0.856,600,0,0% 0% 3% 100%,0.86
pidigits,C gcc,1,10000,448,2.492,860,0,0% 0% 1% 100%,2.495
pidigits,F# Mono,3,2000,903,0.240,272,0,4% 0% 0% 100%,0.257
pidigits,F# Mono,3,6000,903,1.448,14956,0,1% 3% 0% 100%,1.451
pidigits,F# Mono,3,10000,903,3.964,15220,0,1% 1% 0% 100%,3.968
pidigits,Perl,4,2000,261,0.480,2412,0,2% 0% 2% 100%,0.483
pidigits,Perl,4,6000,261,2.264,2864,0,0% 0% 0% 100%,2.27
pidigits,Perl,4,10000,261,5.296,3088,0,0% 0% 0% 100%,5.301
pidigits,Ruby 2.0,3,2000,242,0.716,9440,0,3% 0% 1% 100%,0.719
pidigits,Ruby 2.0,3,6000,242,6.672,10336,0,2% 0% 0% 100%,6.682
pidigits,Ruby 2.0,3,10000,242,19.321,13196,0,1% 0% 0% 100%,19.349
pidigits,Ruby JRuby,3,2000,242,4.396,367296,0,0% 1% 0% 100%,4.414
pidigits,Ruby JRuby,3,6000,242,11.889,579840,0,0% 1% 0% 100%,11.918
pidigits,Ruby JRuby,3,10000,242,25.530,581996,0,0% 0% 0% 100%,25.575
pidigits,Scala,4,2000,1125,0.688,21744,0,0% 1% 0% 99%,0.702
pidigits,Scala,4,6000,1125,2.052,36920,0,0% 1% 0% 100%,2.057
pidigits,Scala,4,10000,1125,4.440,44044,0,0% 0% 0% 100%,4.446
pidigits,Erlang HiPE,2,2000,512,1.012,8616,0,0% 1% 0% 100%,1.019
pidigits,Erlang HiPE,2,6000,512,7.944,13020,0,0% 0% 0% 100%,7.958
pidigits,Erlang HiPE,2,10000,512,23.225,15100,0,0% 0% 0% 100%,23.256
pidigits,Racket,2,2000,1122,0.308,276,0,0% 0% 3% 100%,0.327
pidigits,Racket,2,6000,1122,1.252,17624,0,0% 2% 2% 100%,1.255
pidigits,Racket,2,10000,1122,3.168,17896,0,0% 1% 0% 100%,3.174
pidigits,ATS,2,2000,942,0.096,0,0,9% 0% 0% 100%,0.101
pidigits,ATS,2,6000,942,0.936,596,0,0% 2% 1% 100%,0.938
pidigits,ATS,2,10000,942,2.728,860,0,0% 1% 0% 100%,2.734
pidigits,C++ g++,3,2000,682,0.088,0,0,10% 0% 10% 100%,0.092
pidigits,C++ g++,3,6000,682,0.912,1188,0,0% 1% 0% 100%,0.915
pidigits,C++ g++,3,10000,682,2.676,1452,0,0% 0% 1% 100%,2.679
pidigits,Java 7,3,2000,1826,1.388,31616,0,0% 1% 1% 99%,1.404
pidigits,Java 7,3,6000,1826,3.872,42468,0,0% 1% 0% 100%,3.879
pidigits,Java 7,3,10000,1826,7.332,47440,0,0% 0% 0% 100%,7.34
pidigits,Fortran Intel,2,2000,934,0.092,0,0,9% 0% 0% 100%,0.096
pidigits,Fortran Intel,2,6000,934,0.928,948,0,0% 1% 1% 100%,0.934
pidigits,Fortran Intel,2,10000,934,2.736,1476,0,0% 1% 1% 100%,2.741
pidigits,Haskell GHC,4,2000,341,0.116,0,0,0% 0% 8% 100%,0.118
pidigits,Haskell GHC,4,6000,341,1.040,4224,0,1% 2% 1% 100%,1.044
pidigits,Haskell GHC,4,10000,341,3.064,5284,0,0% 1% 1% 100%,3.07
pidigits,Ada 2005 GNAT,2,2000,1254,0.096,0,0,0% 0% 0% 100%,0.097
pidigits,Ada 2005 GNAT,2,6000,1254,0.916,1536,0,0% 0% 2% 100%,0.919
pidigits,Ada 2005 GNAT,2,10000,1254,2.676,1804,0,0% 1% 0% 100%,2.682
pidigits,Clojure,2,2000,571,13.489,74748,0,0% 0% 0% 100%,13.511
pidigits,Clojure,2,6000,571,23.769,79216,0,0% 0% 0% 100%,23.797
pidigits,Clojure,2,10000,571,44.695,83748,0,0% 0% 0% 100%,44.751
pidigits,Lisp SBCL,1,2000,1073,0.108,0,0,0% 0% 0% 92%,0.112
pidigits,Lisp SBCL,1,6000,1073,0.968,4612,0,1% 1% 2% 100%,0.972
pidigits,Lisp SBCL,1,10000,1073,2.760,4876,0,0% 1% 0% 100%,2.766
pidigits,Go,4,2000,607,0.324,260,0,3% 0% 3% 100%,0.328
pidigits,Go,4,6000,607,2.752,2432,0,0% 0% 0% 100%,2.757
pidigits,Go,4,10000,607,7.540,4080,0,0% 1% 0% 100%,7.546
regex-dna,C++ g++,1,50000,648,0.052,0,0,0% 0% 0% 100%,0.055
regex-dna,C++ g++,1,500000,648,0.588,6320,0,0% 0% 2% 100%,0.593
regex-dna,C++ g++,1,5000000,648,5.980,185560,0,0% 1% 1% 100%,5.996
regex-dna,C# Mono,2,50000,594,1.492,22168,0,0% 0% 0% 100%,1.5
regex-dna,C# Mono,2,500000,594,7.708,73340,0,0% 0% 0% 100%,7.723
regex-dna,C# Mono,2,5000000,594,69.656,837780,0,0% 0% 0% 100%,69.715
regex-dna,Python 3,5,50000,424,0.244,276,0,0% 0% 4% 96%,0.248
regex-dna,Python 3,5,500000,424,2.148,11352,0,0% 0% 1% 100%,2.151
regex-dna,Python 3,5,5000000,424,21.129,194612,0,0% 0% 0% 100%,21.143
regex-dna,Perl,2,50000,527,0.280,2348,0,3% 0% 6% 100%,0.3
regex-dna,Perl,2,500000,527,2.836,56484,0,0% 0% 0% 100%,2.866
regex-dna,Perl,2,5000000,527,28.470,140008,0,0% 0% 0% 100%,28.495
regex-dna,Java 7,7,50000,1284,0.600,16796,0,2% 0% 2% 98%,0.61
regex-dna,Java 7,7,500000,1284,2.692,25920,0,0% 1% 0% 100%,2.696
regex-dna,Java 7,7,5000000,1284,22.625,557080,0,0% 0% 0% 100%,22.656
regex-dna,OCaml,2,50000,615,0.160,0,0,0% 0% 0% 100%,0.163
regex-dna,OCaml,2,500000,615,1.648,57792,0,2% 1% 0% 100%,1.652
regex-dna,Smalltalk VisualWorks,1,50000,584,3.400,24596,0,0% 0% 0% 100%,3.442
regex-dna,Smalltalk VisualWorks,1,500000,584,32.094,62084,0,0% 1% 0% 100%,32.139
regex-dna,Smalltalk VisualWorks,1,5000000,584,321.340,376248,0,0% 0% 0% 100%,321.468
regex-dna,C gcc,1,50000,2579,0.052,0,0,0% 0% 0% 83%,0.066
regex-dna,C gcc,1,500000,2579,0.544,16512,0,0% 0% 4% 100%,0.549
regex-dna,C gcc,1,5000000,2579,5.464,286748,0,0% 0% 1% 100%,5.479
regex-dna,F# Mono,1,50000,639,2.056,40516,0,0% 2% 0% 100%,2.068
regex-dna,F# Mono,1,500000,639,7.920,277668,0,1% 1% 0% 100%,7.943
regex-dna,F# Mono,1,5000000,639,66.260,2752712,0,0% 0% 0% 100%,66.417
regex-dna,PHP,3,50000,459,0.268,280,0,3% 7% 3% 100%,0.284
regex-dna,PHP,3,500000,459,2.680,14364,0,0% 0% 0% 100%,2.772
regex-dna,PHP,3,5000000,459,26.762,207000,0,0% 0% 0% 100%,26.781
regex-dna,ATS,1,50000,2482,0.272,332,0,0% 4% 4% 96%,0.276
regex-dna,ATS,1,500000,2482,2.752,10504,0,0% 3% 0% 100%,2.755
regex-dna,ATS,1,5000000,2482,27.606,165256,0,0% 0% 0% 100%,27.62
regex-dna,Ruby 2.0,2,50000,417,0.468,6336,0,0% 0% 2% 100%,0.485
regex-dna,Ruby 2.0,2,500000,417,4.208,32152,0,0% 0% 0% 100%,4.262
regex-dna,Ruby 2.0,2,5000000,417,41.463,312596,0,0% 0% 0% 100%,41.479
regex-dna,Ada 2005 GNAT,5,50000,3492,0.196,288,0,0% 0% 8% 96%,0.228
regex-dna,Ada 2005 GNAT,5,500000,3492,1.924,8916,0,0% 1% 2% 100%,2.03
regex-dna,Ada 2005 GNAT,5,5000000,3492,18.952,99484,0,0% 0% 0% 100%,18.974
regex-dna,Dart,1,50000,632,21.941,30232,0,0% 0% 0% 100%,22.155
regex-dna,Dart,1,500000,632,2283.039,96952,0,0% 0% 0% 100%,2286.228
regex-dna,Racket,1,50000,527,0.544,22804,0,0% 0% 4% 100%,0.56
regex-dna,Racket,1,500000,527,4.192,99680,0,0% 0% 0% 100%,4.265
regex-dna,Racket,1,5000000,527,39.978,594620,0,0% 0% 0% 100%,40.001
regex-dna,Clojure,3,50000,710,11.001,128832,0,0% 0% 0% 100%,11.016
regex-dna,Clojure,3,500000,710,16.373,291992,0,1% 0% 0% 100%,16.394
regex-dna,Clojure,3,5000000,710,63.376,548084,0,0% 0% 0% 100%,63.411
regex-dna,Lisp SBCL,3,50000,1948,0.480,15304,0,4% 2% 0% 100%,0.485
regex-dna,Lisp SBCL,3,500000,1948,4.504,106652,0,0% 0% 1% 100%,4.511
regex-dna,Lisp SBCL,3,5000000,1948,45.300,944736,0,0% 0% 0% 100%,45.329
regex-dna,Haskell GHC,2,50000,1518,0.300,240,0,0% 0% 3% 100%,0.313
regex-dna,Haskell GHC,2,500000,1518,2.892,39736,0,0% 0% 1% 100%,2.983
regex-dna,Haskell GHC,2,5000000,1518,28.462,266484,0,0% 0% 0% 100%,28.483
regex-dna,Ruby JRuby,3,50000,501,4.516,79152,0,0% 0% 0% 100%,4.532
regex-dna,Ruby JRuby,3,500000,501,8.073,202624,0,0% 1% 1% 100%,8.091
regex-dna,Ruby JRuby,3,5000000,501,44.051,1966524,0,0% 0% 0% 100%,44.085
regex-dna,Scala,1,50000,611,0.968,28088,0,2% 0% 2% 100%,0.976
regex-dna,Scala,1,500000,611,4.724,182360,0,0% 1% 1% 100%,4.743
regex-dna,Scala,1,5000000,611,36.582,810892,0,0% 0% 0% 100%,36.65
regex-dna,Go,7,50000,652,0.716,4408,0,0% 0% 4% 100%,0.734
regex-dna,Go,7,500000,652,7.128,76624,0,0% 0% 0% 100%,7.136
regex-dna,Erlang HiPE,6,50000,1058,1.312,8644,0,1% 0% 1% 100%,1.331
regex-dna,Erlang HiPE,6,500000,1058,11.465,24980,0,0% 0% 0% 100%,11.499
regex-dna,Erlang HiPE,6,5000000,1058,114.183,145476,0,0% 0% 0% 100%,114.218
regex-dna,JavaScript V8,2,50000,373,0.052,0,0,0% 0% 0% 100%,0.056
regex-dna,JavaScript V8,2,500000,373,0.400,27480,0,0% 0% 5% 100%,0.419
regex-dna,JavaScript V8,2,5000000,373,3.784,310368,0,2% 1% 1% 100%,3.795
regex-dna,Lua,1,50000,437,0.408,3108,0,2% 0% 2% 100%,0.424
regex-dna,Lua,1,500000,437,4.440,30048,0,0% 0% 1% 100%,4.525
regex-dna,Lua,1,5000000,437,43.895,494992,0,0% 0% 0% 100%,43.94
reverse-complement,Go,1,250000,1243,0.028,0,0,14% 0% 0% 100%,0.061
reverse-complement,Go,1,2500000,1243,0.268,13636,0,0% 0% 2% 100%,0.492
reverse-complement,Go,1,25000000,1243,2.164,249160,0,0% 1% 0% 100%,2.18
reverse-complement,Lisp SBCL,1,250000,896,0.064,0,0,0% 0% 27% 100%,0.108
reverse-complement,Lisp SBCL,1,2500000,896,0.556,24148,0,0% 1% 1% 100%,0.68
reverse-complement,Lisp SBCL,1,25000000,896,4.788,175468,0,0% 0% 0% 100%,4.795
reverse-complement,C++ g++,4,250000,2275,0.016,0,0,0% 0% 0% 83%,0.064
reverse-complement,C++ g++,4,2500000,2275,0.156,13328,0,7% 2% 2% 98%,0.437
reverse-complement,C++ g++,4,25000000,2275,1.064,245388,0,0% 1% 0% 100%,1.07
reverse-complement,JavaScript V8,3,250000,498,0.152,0,0,5% 0% 6% 100%,0.175
reverse-complement,JavaScript V8,3,2500000,498,1.440,31072,0,1% 0% 1% 99%,1.496
reverse-complement,JavaScript V8,3,25000000,498,13.108,193164,0,0% 0% 0% 100%,13.124
reverse-complement,Pascal Free Pascal,2,250000,751,0.028,0,0,0% 0% 14% 100%,0.053
reverse-complement,Pascal Free Pascal,2,2500000,751,0.276,6716,0,0% 2% 0% 100%,0.53
reverse-complement,Pascal Free Pascal,2,25000000,751,2.164,128584,0,1% 1% 0% 100%,2.176
reverse-complement,Ada 2005 GNAT,2,250000,3220,0.024,0,0,0% 0% 0% 80%,0.054
reverse-complement,Ada 2005 GNAT,2,2500000,3220,0.208,284,0,0% 0% 5% 100%,0.223
reverse-complement,Ada 2005 GNAT,2,25000000,3220,1.608,197104,0,0% 1% 1% 99%,1.627
reverse-complement,Ruby JRuby,2,250000,255,5.468,95272,0,0% 0% 1% 100%,5.483
reverse-complement,Ruby JRuby,2,2500000,255,9.273,349492,0,0% 0% 1% 100%,9.342
reverse-complement,Ruby JRuby,2,25000000,255,23.785,1035904,0,0% 0% 0% 100%,23.812
reverse-complement,Smalltalk VisualWorks,1,250000,754,0.380,25120,0,0% 5% 0% 95%,0.415
reverse-complement,Smalltalk VisualWorks,1,2500000,754,2.996,98784,0,0% 1% 1% 100%,3.024
reverse-complement,Smalltalk VisualWorks,1,25000000,754,27.386,373712,0,0% 1% 1% 100%,27.417
reverse-complement,C gcc,2,250000,741,0.012,0,0,0% 0% 50% 100%,0.017
reverse-complement,C gcc,2,2500000,741,0.116,0,0,0% 8% 0% 100%,0.121
reverse-complement,C gcc,2,25000000,741,0.820,248636,0,0% 1% 2% 100%,0.825
reverse-complement,OCaml,4,250000,2064,0.028,0,0,0% 0% 0% 75%,0.03
reverse-complement,OCaml,4,2500000,2064,0.200,336,0,0% 5% 5% 95%,0.212
reverse-complement,OCaml,4,25000000,2064,1.652,127568,0,0% 1% 1% 100%,1.656
reverse-complement,Fortran Intel,1,250000,1013,0.016,0,0,0% 0% 0% 80%,0.049
reverse-complement,Fortran Intel,1,2500000,1013,0.156,6984,0,0% 0% 4% 100%,0.457
reverse-complement,Fortran Intel,1,25000000,1013,1.028,246464,0,0% 0% 3% 100%,1.042
reverse-complement,Racket,2,250000,1026,0.172,0,0,0% 0% 0% 100%,0.175
reverse-complement,Racket,2,2500000,1026,0.584,20840,0,0% 2% 2% 100%,0.588
reverse-complement,Racket,2,25000000,1026,4.504,174608,0,0% 0% 0% 100%,4.512
reverse-complement,PHP,1,250000,297,0.084,0,0,11% 0% 0% 100%,0.088
reverse-complement,PHP,1,2500000,297,0.836,17560,0,0% 4% 1% 100%,0.838
reverse-complement,PHP,1,25000000,297,7.728,369020,0,0% 1% 0% 100%,7.777
reverse-complement,Scala,8,250000,761,0.260,240,0,3% 0% 3% 97%,0.323
reverse-complement,Scala,8,2500000,761,0.484,59160,0,3% 0% 2% 99%,0.805
reverse-complement,Scala,8,25000000,761,2.140,509016,0,0% 0% 0% 100%,2.169
reverse-complement,Python 3,4,250000,325,0.104,0,0,0% 0% 0% 100%,0.107
reverse-complement,Python 3,4,2500000,325,0.752,37128,0,1% 1% 4% 100%,0.757
reverse-complement,Python 3,4,25000000,325,6.496,616588,0,0% 0% 0% 100%,6.509
reverse-complement,Dart,2,250000,555,0.608,45840,0,93% 14% 4% 100%,0.828
reverse-complement,Dart,2,2500000,555,5.264,155180,0,89% 1% 0% 100%,6.884
reverse-complement,Dart,2,25000000,555,51.523,1074496,0,1% 1% 1% 100%,51.567
reverse-complement,Java 7,6,250000,745,0.144,0,0,0% 0% 0% 100%,0.149
reverse-complement,Java 7,6,2500000,745,0.332,340,0,3% 3% 0% 97%,0.337
reverse-complement,Java 7,6,25000000,745,1.884,511484,0,2% 1% 3% 100%,1.916
reverse-complement,Ruby 2.0,2,250000,255,0.144,0,0,6% 0% 0% 94%,0.166
reverse-complement,Ruby 2.0,2,2500000,255,1.132,15468,0,0% 1% 2% 100%,1.179
reverse-complement,Ruby 2.0,2,25000000,255,10.169,127452,0,0% 0% 0% 100%,10.18
reverse-complement,C# Mono,1,250000,1099,0.132,280,0,0% 4% 0% 100%,0.234
reverse-complement,C# Mono,1,2500000,1099,0.416,21140,0,0% 0% 0% 100%,0.595
reverse-complement,C# Mono,1,25000000,1099,2.668,170436,0,0% 0% 1% 100%,2.674
reverse-complement,ATS,2,250000,1895,0.012,0,0,0% 0% 0% 100%,0.017
reverse-complement,ATS,2,2500000,1895,0.136,0,0,7% 7% 7% 93%,0.14
reverse-complement,ATS,2,25000000,1895,1.072,122596,0,0% 1% 0% 100%,1.076
reverse-complement,Clojure,1,250000,1044,10.365,126100,0,0% 1% 0% 100%,10.381
reverse-complement,Clojure,1,2500000,1044,10.417,132812,0,0% 0% 0% 100%,10.43
reverse-complement,Clojure,1,25000000,1044,14.401,484124,0,0% 0% 0% 100%,14.421
reverse-complement,Haskell GHC,3,250000,999,0.024,0,0,0% 0% 0% 100%,0.051
reverse-complement,Haskell GHC,3,2500000,999,0.208,8060,0,2% 0% 0% 100%,0.481
reverse-complement,Haskell GHC,3,25000000,999,1.544,125748,0,0% 1% 0% 100%,1.549
reverse-complement,Erlang HiPE,1,250000,1302,0.336,548,0,0% 3% 0% 100%,0.346
reverse-complement,Erlang HiPE,1,2500000,1302,2.272,78980,0,0% 1% 0% 100%,2.28
reverse-complement,Erlang HiPE,1,25000000,1302,21.237,563348,0,0% 0% 0% 100%,21.257
reverse-complement,Perl,3,250000,284,0.036,0,0,0% 0% 0% 100%,0.041
reverse-complement,Perl,3,2500000,284,0.336,404,0,3% 0% 6% 97%,0.339
reverse-complement,Perl,3,25000000,284,2.952,374220,0,0% 0% 0% 100%,2.957
reverse-complement,C CINT,2,250000,727,0.792,6416,0,2% 8% 3% 100%,0.885
reverse-complement,C CINT,2,2500000,727,7.660,17544,0,1% 0% 0% 100%,7.719
reverse-complement,C CINT,2,25000000,727,77.325,127432,0,0% 0% 0% 100%,77.344
reverse-complement,Lua,1,250000,555,0.252,276,0,0% 4% 0% 100%,0.266
reverse-complement,Lua,1,2500000,555,2.408,53280,0,0% 0% 0% 100%,2.474
reverse-complement,Lua,1,25000000,555,22.489,724576,0,0% 0% 0% 100%,22.505
spectral-norm,ATS,4,500,2507,0.088,0,0,0% 0% 0% 100%,0.092
spectral-norm,ATS,4,3000,2507,3.160,608,0,1% 0% 0% 100%,3.163
spectral-norm,ATS,4,5500,2507,10.601,608,0,1% 0% 0% 100%,10.604
spectral-norm,Scala,1,500,404,0.380,212,0,0% 3% 0% 100%,0.382
spectral-norm,Scala,1,3000,404,5.144,17960,0,1% 0% 0% 100%,5.151
spectral-norm,Scala,1,5500,404,16.521,18484,0,0% 1% 0% 100%,16.531
spectral-norm,Ruby JRuby,2,500,776,9.697,573856,0,0% 0% 0% 100%,9.725
spectral-norm,Ruby JRuby,2,3000,776,118.071,589244,0,0% 0% 0% 100%,118.243
spectral-norm,Ruby JRuby,2,5500,776,367.947,595764,0,0% 0% 0% 100%,368.451
spectral-norm,Fortran Intel,2,500,513,0.064,0,0,0% 0% 0% 100%,0.068
spectral-norm,Fortran Intel,2,3000,513,2.336,780,0,0% 1% 0% 100%,2.339
spectral-norm,Fortran Intel,2,5500,513,7.848,780,0,0% 1% 1% 100%,7.851
spectral-norm,C++ g++,5,500,1044,0.068,0,0,20% 0% 0% 100%,0.07
spectral-norm,C++ g++,5,3000,1044,2.364,920,0,0% 0% 1% 100%,2.367
spectral-norm,C++ g++,5,5500,1044,7.924,924,0,0% 0% 0% 100%,7.928
spectral-norm,Dart,1,500,477,0.224,288,0,0% 4% 8% 100%,0.227
spectral-norm,Dart,1,3000,477,5.940,38900,0,1% 0% 1% 100%,5.948
spectral-norm,Dart,1,5500,477,19.709,38904,0,0% 0% 0% 100%,19.722
spectral-norm,C gcc,5,500,569,0.068,0,0,0% 0% 0% 100%,0.073
spectral-norm,C gcc,5,3000,569,2.516,640,0,0% 0% 0% 100%,2.521
spectral-norm,C gcc,5,5500,569,7.856,644,0,0% 0% 0% 100%,7.861
spectral-norm,Haskell GHC,4,500,984,0.136,0,0,0% 0% 0% 93%,0.139
spectral-norm,Haskell GHC,4,3000,984,4.676,1056,0,0% 2% 0% 100%,4.681
spectral-norm,Haskell GHC,4,5500,984,15.717,1056,0,0% 0% 0% 100%,15.724
spectral-norm,C CINT,1,500,394,13.049,5380,0,2% 1% 2% 100%,13.067
spectral-norm,C CINT,1,3000,394,461.697,5912,0,0% 1% 0% 100%,461.781
spectral-norm,C CINT,1,5500,394,1413.764,6180,0,0% 0% 0% 100%,1414.009
spectral-norm,Clojure,6,500,808,12.497,60860,0,0% 0% 0% 100%,12.51
spectral-norm,Clojure,6,3000,808,23.905,62012,0,0% 1% 0% 100%,23.924
spectral-norm,Clojure,6,5500,808,51.291,70744,0,0% 0% 0% 100%,51.32
spectral-norm,Java 7,2,500,950,0.272,212,0,0% 0% 4% 100%,0.274
spectral-norm,Java 7,2,3000,950,4.908,14664,0,2% 0% 0% 100%,4.915
spectral-norm,Java 7,2,5500,950,16.133,14924,0,1% 0% 0% 100%,16.141
spectral-norm,Python 3,6,500,328,8.417,4592,0,1% 0% 0% 100%,8.421
spectral-norm,Python 3,6,3000,328,298.275,4928,0,0% 0% 0% 100%,298.35
spectral-norm,Python 3,6,5500,328,1018.196,5208,0,0% 0% 0% 100%,1018.44
spectral-norm,Ada 2005 GNAT,4,500,2762,0.080,0,0,0% 0% 0% 89%,0.095
spectral-norm,Ada 2005 GNAT,4,3000,2762,2.744,1632,0,0% 0% 1% 100%,2.758
spectral-norm,Ada 2005 GNAT,4,5500,2762,9.252,1900,0,0% 1% 0% 100%,9.268
spectral-norm,Smalltalk VisualWorks,2,500,438,0.828,22220,0,0% 3% 1% 97%,0.865
spectral-norm,Smalltalk VisualWorks,2,3000,438,27.546,24592,0,0% 0% 0% 100%,27.558
spectral-norm,Smalltalk VisualWorks,2,5500,438,95.342,27236,0,0% 0% 0% 100%,95.399
spectral-norm,Pascal Free Pascal,1,500,423,0.128,0,0,0% 0% 7% 100%,0.133
spectral-norm,Pascal Free Pascal,1,3000,423,4.692,8,0,1% 0% 0% 100%,4.695
spectral-norm,Pascal Free Pascal,1,5500,423,15.761,8,0,0% 1% 0% 100%,15.767
spectral-norm,Go,3,500,536,0.332,260,0,0% 3% 0% 97%,0.337
spectral-norm,Go,3,3000,536,12.289,952,0,0% 1% 0% 100%,12.296
spectral-norm,Go,3,5500,536,43.383,1248,0,1% 0% 0% 100%,43.396
spectral-norm,Perl,1,500,333,1.724,1676,0,0% 3% 2% 100%,1.922
spectral-norm,Perl,1,3000,333,62.352,2864,0,0% 0% 0% 100%,62.371
spectral-norm,Perl,1,5500,333,212.321,3604,0,0% 0% 0% 100%,212.382
spectral-norm,OCaml,2,500,377,0.160,0,0,6% 0% 0% 100%,0.164
spectral-norm,OCaml,2,3000,377,5.612,1116,0,0% 1% 1% 100%,5.616
spectral-norm,OCaml,2,5500,377,18.849,1644,0,0% 0% 0% 100%,18.854
spectral-norm,F# Mono,2,500,852,0.620,16424,0,1% 0% 0% 32%,2.035
spectral-norm,F# Mono,2,3000,852,9.121,16424,0,0% 0% 0% 88%,10.351
spectral-norm,F# Mono,2,5500,852,29.738,16428,0,0% 0% 0% 97%,30.581
spectral-norm,Ruby 2.0,3,500,828,7.100,20148,0,0% 1% 0% 100%,7.775
spectral-norm,Ruby 2.0,3,3000,828,274.521,24932,0,0% 0% 0% 100%,275.213
spectral-norm,Ruby 2.0,3,5500,828,717.213,25120,0,0% 0% 0% 100%,718.208
spectral-norm,Racket,3,500,627,0.328,276,0,0% 0% 3% 100%,0.331
spectral-norm,Racket,3,3000,627,7.272,16820,0,0% 1% 0% 100%,7.276
spectral-norm,Racket,3,5500,627,23.997,18544,0,0% 0% 0% 100%,24.008
spectral-norm,Lisp SBCL,2,500,906,0.160,0,0,0% 0% 0% 100%,0.164
spectral-norm,Lisp SBCL,2,3000,906,4.700,4444,0,0% 0% 0% 100%,4.706
spectral-norm,Lisp SBCL,2,5500,906,15.716,4628,0,0% 0% 0% 100%,15.725
spectral-norm,C# Mono,2,500,1063,0.368,272,0,0% 5% 0% 97%,0.373
spectral-norm,C# Mono,2,3000,1063,8.861,14108,0,0% 0% 0% 100%,8.864
spectral-norm,C# Mono,2,5500,1063,29.486,14108,0,0% 0% 0% 100%,29.494
spectral-norm,Erlang HiPE,2,500,747,0.512,7628,0,2% 0% 4% 100%,0.521
spectral-norm,Erlang HiPE,2,3000,747,13.637,8940,0,0% 0% 0% 100%,13.646
spectral-norm,Erlang HiPE,2,5500,747,45.115,10164,0,0% 0% 0% 100%,45.133
spectral-norm,JavaScript V8,2,500,328,0.144,0,0,0% 0% 0% 94%,0.165
spectral-norm,JavaScript V8,2,3000,328,4.680,7052,0,0% 0% 1% 100%,4.686
spectral-norm,JavaScript V8,2,5500,328,15.700,7220,0,0% 1% 1% 100%,15.708
spectral-norm,PHP,2,500,397,3.756,2764,0,6% 5% 2% 100%,3.761
spectral-norm,PHP,2,3000,397,121.224,3820,0,0% 0% 0% 100%,121.256
spectral-norm,PHP,2,5500,397,397.573,4612,0,0% 0% 0% 100%,397.669
spectral-norm,Lua,1,500,329,1.996,824,0,0% 0% 1% 100%,2.001
spectral-norm,Lua,1,3000,329,72.641,824,0,0% 0% 0% 100%,72.657
spectral-norm,Lua,1,5500,329,243.583,940,0,0% 0% 0% 100%,243.637
thread-ring,Ruby 2.0,2,500000,215,11.717,15152,0,0% 0% 1% 100%,11.726
thread-ring,Ruby 2.0,2,5000000,215,115.223,15088,0,0% 0% 0% 100%,115.279
thread-ring,Ruby 2.0,2,50000000,215,1158.272,15072,0,0% 0% 0% 100%,1158.805
thread-ring,Java 7,3,500000,530,2.660,26536,0,1% 1% 0% 100%,2.675
thread-ring,Java 7,3,5000000,530,23.485,26812,0,1% 0% 0% 100%,23.505
thread-ring,Java 7,3,50000000,530,224.766,290860,0,1% 0% 0% 100%,224.902
thread-ring,Go,5,500000,405,0.140,0,0,0% 0% 0% 100%,0.143
thread-ring,Go,5,5000000,405,1.260,2820,0,2% 2% 1% 100%,1.263
thread-ring,Go,5,50000000,405,13.405,2820,0,0% 0% 0% 100%,13.41
thread-ring,C gcc,2,500000,575,1.280,2428,0,1% 0% 1% 99%,1.286
thread-ring,C gcc,2,5000000,575,12.684,2432,0,0% 0% 0% 100%,12.696
thread-ring,C gcc,2,50000000,575,126.156,2428,0,0% 0% 0% 100%,126.219
thread-ring,C++ g++,5,500000,652,0.100,0,0,0% 0% 0% 100%,0.105
thread-ring,C++ g++,5,5000000,652,0.840,2508,0,1% 0% 1% 100%,0.845
thread-ring,C++ g++,5,50000000,652,8.152,2508,0,0% 0% 0% 100%,8.159
thread-ring,C# Mono,1,500000,476,2.824,16292,0,0% 0% 0% 100%,2.84
thread-ring,C# Mono,1,5000000,476,27.034,16292,0,0% 0% 0% 100%,27.059
thread-ring,C# Mono,1,50000000,476,267.913,16292,0,0% 0% 0% 100%,268.037
thread-ring,Erlang HiPE,1,500000,273,0.476,266796,0,2% 0% 1% 6%,8.5
thread-ring,Erlang HiPE,1,5000000,273,1.464,268880,0,1% 0% 2% 16%,9.476
thread-ring,Erlang HiPE,1,50000000,273,11.069,268880,0,0% 0% 0% 59%,19.081
thread-ring,F# Mono,3,500000,329,0.960,15388,0,2% 0% 0% 100%,1.006
thread-ring,F# Mono,3,5000000,329,5.196,15396,0,0% 1% 1% 100%,5.203
thread-ring,F# Mono,3,50000000,329,47.535,16176,0,0% 0% 0% 100%,47.551
thread-ring,ATS,1,500000,1065,1.300,4536,0,1% 1% 0% 100%,1.303
thread-ring,ATS,1,5000000,1065,13.081,4536,0,1% 0% 0% 100%,13.091
thread-ring,ATS,1,50000000,1065,130.812,4536,0,1% 0% 0% 100%,130.874
thread-ring,Ada 2005 GNAT,4,500000,960,1.872,6656,0,1% 0% 1% 99%,1.89
thread-ring,Ada 2005 GNAT,4,5000000,960,18.420,6656,0,1% 0% 0% 100%,18.444
thread-ring,Ada 2005 GNAT,4,50000000,960,178.080,6652,0,1% 0% 0% 100%,178.189
thread-ring,Python 3,2,500000,288,2.092,6684,0,0% 0% 0% 100%,2.097
thread-ring,Python 3,2,5000000,288,20.313,6696,0,0% 0% 0% 100%,20.324
thread-ring,Python 3,2,50000000,288,201.593,6672,0,0% 0% 0% 100%,201.684
thread-ring,Racket,1,500000,262,1.776,22168,0,0% 0% 1% 100%,1.781
thread-ring,Racket,1,5000000,262,17.113,25848,0,0% 0% 1% 100%,17.123
thread-ring,Racket,1,50000000,262,167.822,50476,0,0% 0% 0% 100%,167.902
thread-ring,OCaml,2,500000,350,1.368,660,0,0% 1% 1% 100%,1.373
thread-ring,OCaml,2,5000000,350,13.617,664,0,0% 0% 0% 100%,13.627
thread-ring,OCaml,2,50000000,350,136.213,680,0,0% 0% 0% 100%,136.275
thread-ring,Smalltalk VisualWorks,2,500000,566,0.572,22480,0,2% 5% 3% 95%,0.608
thread-ring,Smalltalk VisualWorks,2,5000000,566,4.936,22480,0,0% 0% 0% 100%,4.942
thread-ring,Smalltalk VisualWorks,2,50000000,566,48.815,22480,0,0% 0% 0% 100%,48.837
thread-ring,Clojure,2,500000,299,13.981,285440,0,0% 1% 0% 100%,14.009
thread-ring,Clojure,2,5000000,299,21.389,394252,0,0% 0% 0% 100%,21.414
thread-ring,Clojure,2,50000000,299,91.498,402472,0,0% 0% 0% 100%,91.594
thread-ring,Lisp SBCL,2,500000,571,2.980,20268,0,0% 1% 1% 100%,2.987
thread-ring,Lisp SBCL,2,5000000,571,30.676,52436,0,0% 0% 1% 100%,30.701
thread-ring,Lisp SBCL,2,50000000,571,326.764,53688,0,0% 0% 0% 100%,326.996
thread-ring,Haskell GHC,1,500000,307,0.104,0,0,0% 0% 0% 91%,0.107
thread-ring,Haskell GHC,1,5000000,307,0.912,2648,0,1% 0% 1% 100%,0.917
thread-ring,Haskell GHC,1,50000000,307,9.053,2652,0,0% 1% 0% 100%,9.057
